,CMPLNT_NUM,ADDR_PCT_CD,BORO_NM,CMPLNT_FR_DT,CMPLNT_FR_TM,CMPLNT_TO_DT,CMPLNT_TO_TM,CRM_ATPT_CPTD_CD,HADEVELOPT,HOUSING_PSA,JURISDICTION_CODE,JURIS_DESC,KY_CD,LAW_CAT_CD,LOC_OF_OCCUR_DESC,OFNS_DESC,PARKS_NM,PATROL_BORO,PD_CD,PD_DESC,PREM_TYP_DESC,RPT_DT,STATION_NAME,SUSP_AGE_GROUP,SUSP_RACE,SUSP_SEX,TRANSIT_DISTRICT,VIC_AGE_GROUP,VIC_RACE,VIC_SEX,X_COORD_CD,Y_COORD_CD,Latitude,Longitude,Lat_Lon,New Georeferenced Column,geometry
88,742903755,26,MANHATTAN,2018-09-14,18:00:00,09/14/2018,18:30:00,COMPLETED,,,0,N.Y. POLICE DEPT,344,MISDEMEANOR,INSIDE,ASSAULT 3 & RELATED OFFENSES,,PATROL BORO MAN NORTH,101,ASSAULT 3,BEAUTY & NAIL SALON,03/31/2021,,UNKNOWN,UNKNOWN,U,,25-44,BLACK,F,997177,234774,40.81107497700003,-73.95330303099996,"(40.81107497700003, -73.95330303099996)",POINT (-73.95330303099996 40.81107497700003),
184,207054129,106,QUEENS,2018-01-01,00:00:00,01/01/2019,00:00:00,COMPLETED,,,0,N.Y. POLICE DEPT,104,FELONY,INSIDE,RAPE,,PATROL BORO QUEENS SOUTH,155,RAPE 2,RESIDENCE-HOUSE,03/23/2021,,UNKNOWN,UNKNOWN,M,,<18,ASIAN / PACIFIC ISLANDER,F,1028713,187853,40.68218640100008,-73.83969048299997,"(40.68218640100008, -73.83969048299997)",POINT (-73.83969048299997 40.68218640100008),
921,149067382,32,MANHATTAN,2018-07-14,20:00:00,07/18/2018,11:00:00,COMPLETED,,,0,N.Y. POLICE DEPT,233,MISDEMEANOR,INSIDE,SEX CRIMES,,PATROL BORO MAN NORTH,175,"SEXUAL ABUSE 3,2",RESIDENCE - APT. HOUSE,03/25/2021,,25-44,WHITE,M,,18-24,BLACK,F,999358,236472,40.81573205300003,-73.94542041099999,"(40.81573205300003, -73.94542041099999)",POINT (-73.94542041099999 40.81573205300003),
1048,933597286,123,STATEN ISLAND,2018-12-18,11:00:00,12/18/2018,11:30:00,COMPLETED,,,0,N.Y. POLICE DEPT,578,VIOLATION,,HARRASSMENT 2,BLOOMINGDALE PARK,PATROL BORO STATEN ISLAND,638,"HARASSMENT,SUBD 3,4,5",PARK/PLAYGROUND,03/29/2021,,45-64,WHITE,M,,25-44,WHITE,M,914803,125922,40.51203825400006,-74.249754952,"(40.51203825400006, -74.249754952)",POINT (-74.249754952 40.51203825400006),
1070,413812452,44,BRONX,2018-07-06,00:00:00,12/31/2018,23:59:00,COMPLETED,,,0,N.Y. POLICE DEPT,233,MISDEMEANOR,INSIDE,SEX CRIMES,,PATROL BORO BRONX,175,"SEXUAL ABUSE 3,2",RESIDENCE - APT. HOUSE,03/27/2021,,45-64,WHITE HISPANIC,M,,<18,WHITE HISPANIC,F,1006434,244344,40.83732351100008,-73.91983075699994,"(40.83732351100008, -73.91983075699994)",POINT (-73.91983075699994 40.83732351100008),
2233,356043746,47,BRONX,2018-08-15,10:00:00,08/15/2018,10:15:00,COMPLETED,,,0,N.Y. POLICE DEPT,341,MISDEMEANOR,FRONT OF,PETIT LARCENY,,PATROL BORO BRONX,357,"LARCENY,PETIT OF VEHICLE ACCES",STREET,03/28/2021,,UNKNOWN,UNKNOWN,U,,25-44,WHITE HISPANIC,M,1030207,263329,40.88933979900003,-73.83378754799998,"(40.88933979900003, -73.83378754799998)",POINT (-73.83378754799998 40.88933979900003),
2948,861172020,41,BRONX,2018-01-01,00:01:00,09/30/2020,23:59:00,COMPLETED,,,0,N.Y. POLICE DEPT,104,FELONY,INSIDE,RAPE,,PATROL BORO BRONX,153,RAPE 3,RESIDENCE - APT. HOUSE,03/30/2021,,18-24,UNKNOWN,M,,<18,UNKNOWN,F,1013232,236725,40.816391847000034,-73.89529641399997,"(40.816391847000034, -73.89529641399997)",POINT (-73.89529641399997 40.816391847000034),
7948,708709861,7,MANHATTAN,2018-12-18,14:00:00,03/24/2021,15:00:00,ATTEMPTED,,575,2,N.Y. HOUSING POLICE,578,VIOLATION,INSIDE,HARRASSMENT 2,,PATROL BORO MAN SOUTH,638,"HARASSMENT,SUBD 3,4,5",RESIDENCE - PUBLIC HOUSING,03/24/2021,,25-44,WHITE,F,,25-44,BLACK,F,987482,198516,40.71156493900003,-73.98834336899995,"(40.71156493900003, -73.98834336899995)",POINT (-73.98834336899995 40.71156493900003),
9021,810185057,34,MANHATTAN,2018-01-01,00:01:00,12/31/2018,23:59:00,COMPLETED,,,0,N.Y. POLICE DEPT,112,FELONY,INSIDE,THEFT-FRAUD,,PATROL BORO MAN NORTH,739,"FRAUD,UNCLASSIFIED-FELONY",RESIDENCE - APT. HOUSE,03/26/2021,,,,,,25-44,WHITE HISPANIC,F,1003947,252034,40.858436187000045,-73.92879592599996,"(40.858436187000045, -73.92879592599996)",POINT (-73.92879592599996 40.858436187000045),
9166,309612620,114,QUEENS,2018-05-24,16:00:00,,,COMPLETED,,,0,N.Y. POLICE DEPT,118,FELONY,INSIDE,DANGEROUS WEAPONS,,PATROL BORO QUEENS NORTH,792,WEAPONS POSSESSION 1 & 2,OTHER,03/26/2021,,,,,,UNKNOWN,UNKNOWN,E,1007694,219657,40.76956124200007,-73.91536344699995,"(40.76956124200007, -73.91536344699995)",POINT (-73.91536344699995 40.76956124200007),
9471,629978174,47,BRONX,2018-05-06,00:01:00,05/06/2018,23:59:00,COMPLETED,,,0,N.Y. POLICE DEPT,109,FELONY,INSIDE,GRAND LARCENY,,PATROL BORO BRONX,420,"LARCENY,GRAND BY OPEN/COMPROMISE CELL PHONE ACCT",RESIDENCE - APT. HOUSE,03/30/2021,,UNKNOWN,UNKNOWN,U,,25-44,BLACK,M,1023914,257054,40.87214742400005,-73.85658471999993,"(40.87214742400005, -73.85658471999993)",POINT (-73.85658471999993 40.87214742400005),
9994,982240908,26,MANHATTAN,2018-10-29,13:31:00,,,ATTEMPTED,,,0,N.Y. POLICE DEPT,109,FELONY,INSIDE,GRAND LARCENY,,PATROL BORO MAN NORTH,426,"LARCENY,GRAND BY BANK ACCT COMPROMISE-TELLER",BANK,03/30/2021,,,,,,UNKNOWN,UNKNOWN,D,996130,235208,40.81226765700006,-73.95708452099996,"(40.81226765700006, -73.95708452099996)",POINT (-73.95708452099996 40.81226765700006),
12103,425030524,18,MANHATTAN,2018-01-28,09:00:00,11/20/2020,09:00:00,COMPLETED,,,0,N.Y. POLICE DEPT,109,FELONY,INSIDE,GRAND LARCENY,,PATROL BORO MAN SOUTH,438,"LARCENY,GRAND FROM BUILDING (NON-RESIDENCE) UNATTENDED",CONSTRUCTION SITE,03/19/2021,,UNKNOWN,UNKNOWN,U,,UNKNOWN,UNKNOWN,D,992183,216378,40.76058875800004,-73.97136543499995,"(40.76058875800004, -73.97136543499995)",POINT (-73.97136543499995 40.76058875800004),
14206,140802944,62,BROOKLYN,2018-10-22,17:00:00,10/22/2018,22:00:00,COMPLETED,,,0,N.Y. POLICE DEPT,106,FELONY,INSIDE,FELONY ASSAULT,,PATROL BORO BKLYN SOUTH,109,"ASSAULT 2,1,UNCLASSIFIED",RESIDENCE-HOUSE,03/15/2021,,25-44,WHITE,M,,25-44,WHITE,F,985214,159528,40.60455197300007,-73.99652978999995,"(40.60455197300007, -73.99652978999995)",POINT (-73.99652978999995 40.60455197300007),
14452,901424642,67,BROOKLYN,2018-09-28,09:00:00,10/01/2018,13:00:00,COMPLETED,,,0,N.Y. POLICE DEPT,341,MISDEMEANOR,INSIDE,PETIT LARCENY,,PATROL BORO BKLYN SOUTH,349,"LARCENY,PETIT OF LICENSE PLATE",STREET,03/19/2021,,,,,,25-44,BLACK,M,999446,171582,40.63762471600006,-73.94524900899995,"(40.63762471600006, -73.94524900899995)",POINT (-73.94524900899995 40.63762471600006),
15135,241750694,40,BRONX,2018-05-18,15:00:00,03/14/2021,15:00:00,COMPLETED,,,0,N.Y. POLICE DEPT,109,FELONY,INSIDE,GRAND LARCENY,,PATROL BORO BRONX,422,"LARCENY,GRAND BY OPEN CREDIT CARD (NEW ACCT)",RESIDENCE - APT. HOUSE,03/16/2021,,UNKNOWN,UNKNOWN,U,,25-44,BLACK HISPANIC,F,1007627,233260,40.80689799800007,-73.91555799199995,"(40.80689799800007, -73.91555799199995)",POINT (-73.91555799199995 40.80689799800007),
15232,507179347,106,QUEENS,2018-01-28,08:00:00,12/19/2019,08:00:00,COMPLETED,,,0,N.Y. POLICE DEPT,109,FELONY,INSIDE,GRAND LARCENY,,PATROL BORO QUEENS SOUTH,422,"LARCENY,GRAND BY OPEN CREDIT CARD (NEW ACCT)",RESIDENCE-HOUSE,03/16/2021,,UNKNOWN,UNKNOWN,U,,45-64,WHITE HISPANIC,M,1026813,186126,40.67745552300004,-73.84655180899993,"(40.67745552300004, -73.84655180899993)",POINT (-73.84655180899993 40.67745552300004),
17887,961366346,13,MANHATTAN,2018-08-18,02:00:00,03/19/2021,22:50:00,ATTEMPTED,,,0,N.Y. POLICE DEPT,116,FELONY,,SEX CRIMES,,PATROL BORO MAN SOUTH,164,SODOMY 3,STREET,03/19/2021,,25-44,UNKNOWN,M,,25-44,WHITE HISPANIC,F,988874,207673,40.736698070000045,-73.98331602599995,"(40.736698070000045, -73.98331602599995)",POINT (-73.98331602599995 40.736698070000045),
17951,958265278,41,BRONX,2018-02-01,00:00:00,03/16/2021,00:00:00,COMPLETED,,,0,N.Y. POLICE DEPT,104,FELONY,INSIDE,RAPE,,PATROL BORO BRONX,157,RAPE 1,RESIDENCE - APT. HOUSE,03/16/2021,,<18,UNKNOWN,M,,<18,WHITE HISPANIC,F,1013232,236725,40.816391847000034,-73.89529641399997,"(40.816391847000034, -73.89529641399997)",POINT (-73.89529641399997 40.816391847000034),
21505,182538229,60,BROOKLYN,2018-02-08,12:00:00,03/12/2021,12:00:00,COMPLETED,,,0,N.Y. POLICE DEPT,341,MISDEMEANOR,INSIDE,PETIT LARCENY,,PATROL BORO BKLYN SOUTH,338,"LARCENY,PETIT FROM BUILDING,UN",RESIDENCE - APT. HOUSE,03/15/2021,,UNKNOWN,UNKNOWN,U,,UNKNOWN,UNKNOWN,D,988419,149778,40.57778924400003,-73.98499364899999,"(40.57778924400003, -73.98499364899999)",POINT (-73.98499364899999 40.57778924400003),
21978,766408855,43,BRONX,2018-09-17,15:00:00,,,COMPLETED,,887,2,N.Y. HOUSING POLICE,104,FELONY,INSIDE,RAPE,,PATROL BORO BRONX,157,RAPE 1,RESIDENCE - PUBLIC HOUSING,03/16/2021,,45-64,WHITE HISPANIC,M,,<18,WHITE HISPANIC,F,1020316,239179,40.82310129900002,-73.86969046099993,"(40.82310129900002, -73.86969046099993)",POINT (-73.86969046099993 40.82310129900002),
22757,229055442,120,STATEN ISLAND,2018-03-30,00:00:00,03/09/2021,00:00:00,COMPLETED,,,0,N.Y. POLICE DEPT,115,FELONY,INSIDE,PROSTITUTION & RELATED OFFENSES,,PATROL BORO STATEN ISLAND,586,SEX TRAFFICKING,RESIDENCE-HOUSE,03/13/2021,,UNKNOWN,WHITE HISPANIC,M,,18-24,WHITE HISPANIC,F,962748,174174,40.64472613100002,-74.07748315899995,"(40.64472613100002, -74.07748315899995)",POINT (-74.07748315899995 40.64472613100002),
23414,776961483,78,BROOKLYN,2018-04-02,00:00:00,03/10/2021,18:00:00,COMPLETED,,,0,N.Y. POLICE DEPT,112,FELONY,INSIDE,THEFT-FRAUD,,PATROL BORO BKLYN SOUTH,739,"FRAUD,UNCLASSIFIED-FELONY",RESIDENCE - APT. HOUSE,03/10/2021,,,,,,<18,BLACK,M,988992,180940,40.66332216200004,-73.98290904799995,"(40.66332216200004, -73.98290904799995)",POINT (-73.98290904799995 40.66332216200004),
24928,511663340,40,BRONX,2018-01-01,00:01:00,12/31/2018,23:59:00,COMPLETED,,850,2,N.Y. HOUSING POLICE,233,MISDEMEANOR,INSIDE,SEX CRIMES,,PATROL BORO BRONX,175,"SEXUAL ABUSE 3,2",RESIDENCE - PUBLIC HOUSING,03/05/2021,,,,,,<18,WHITE HISPANIC,F,1004926,234532,40.81039601900005,-73.92531074499993,"(40.81039601900005, -73.92531074499993)",POINT (-73.92531074499993 40.81039601900005),
25323,766469848,49,BRONX,2018-06-29,18:56:00,03/04/2021,08:00:00,COMPLETED,,,0,N.Y. POLICE DEPT,341,MISDEMEANOR,INSIDE,PETIT LARCENY,,PATROL BORO BRONX,349,"LARCENY,PETIT OF LICENSE PLATE",STORE UNCLASSIFIED,03/04/2021,,UNKNOWN,UNKNOWN,U,,25-44,WHITE HISPANIC,F,1028064,250324,40.85365601000007,-73.84162321499997,"(40.85365601000007, -73.84162321499997)",POINT (-73.84162321499997 40.85365601000007),
27144,247998794,115,QUEENS,2018-01-01,00:00:00,01/01/2019,00:00:00,COMPLETED,,,0,N.Y. POLICE DEPT,233,MISDEMEANOR,INSIDE,SEX CRIMES,,PATROL BORO QUEENS NORTH,175,"SEXUAL ABUSE 3,2",RESIDENCE - APT. HOUSE,03/08/2021,,UNKNOWN,UNKNOWN,M,,<18,WHITE HISPANIC,F,1018699,215043,40.75686097700003,-73.87565666399996,"(40.75686097700003, -73.87565666399996)",POINT (-73.87565666399996 40.75686097700003),
28720,442659142,50,BRONX,2018-06-04,14:00:00,02/28/2021,09:00:00,COMPLETED,,,0,N.Y. POLICE DEPT,340,MISDEMEANOR,INSIDE,FRAUDS,,PATROL BORO BRONX,718,"FRAUD,UNCLASSIFIED-MISDEMEANOR",RESIDENCE - APT. HOUSE,03/09/2021,,,,,,18-24,BLACK,M,1008410,258177,40.87528576500005,-73.912639847,"(40.87528576500005, -73.912639847)",POINT (-73.912639847 40.87528576500005),
28929,361922773,34,MANHATTAN,2018-12-18,08:00:00,04/01/2020,17:00:00,COMPLETED,,,0,N.Y. POLICE DEPT,112,FELONY,INSIDE,THEFT-FRAUD,,PATROL BORO MAN NORTH,739,"FRAUD,UNCLASSIFIED-FELONY",RESIDENCE - APT. HOUSE,03/11/2021,,UNKNOWN,UNKNOWN,U,,25-44,BLACK HISPANIC,M,1003878,251404,40.85670718000005,-73.92904720799999,"(40.85670718000005, -73.92904720799999)",POINT (-73.92904720799999 40.85670718000005),
29102,699140870,23,MANHATTAN,2018-01-18,16:30:00,02/23/2021,00:01:00,COMPLETED,,,0,N.Y. POLICE DEPT,109,FELONY,INSIDE,GRAND LARCENY,,PATROL BORO MAN NORTH,418,"LARCENY,GRAND BY ACQUIRING LOST CREDIT CARD",HOSPITAL,03/03/2021,,UNKNOWN,UNKNOWN,U,,25-44,ASIAN / PACIFIC ISLANDER,F,997493,227603,40.79139207500003,-73.95217563199996,"(40.79139207500003, -73.95217563199996)",POINT (-73.95217563199996 40.79139207500003),
29161,980020378,84,BROOKLYN,2018-01-26,13:30:00,02/10/2018,16:00:00,COMPLETED,,,0,N.Y. POLICE DEPT,343,MISDEMEANOR,INSIDE,OTHER OFFENSES RELATED TO THEF,,PATROL BORO BKLYN NORTH,478,"THEFT OF SERVICES, UNCLASSIFIE",HOTEL/MOTEL,03/04/2021,,UNKNOWN,UNKNOWN,U,,25-44,BLACK,F,985172,194034,40.699263444000046,-73.99667633299998,"(40.699263444000046, -73.99667633299998)",POINT (-73.99667633299998 40.699263444000046),
29515,854906948,14,MANHATTAN,2018-12-01,09:00:00,12/01/2018,14:00:00,COMPLETED,,,0,N.Y. POLICE DEPT,109,FELONY,INSIDE,GRAND LARCENY,,PATROL BORO MAN SOUTH,432,"LARCENY,GRAND BY IDENTITY THEFT-UNCLASSIFIED",BANK,03/03/2021,,,,,,UNKNOWN,UNKNOWN,D,986781,212761,40.750664208000046,-73.99086657499998,"(40.750664208000046, -73.99086657499998)",POINT (-73.99086657499998 40.750664208000046),
33091,507241092,73,BROOKLYN,2018-04-29,09:00:00,07/31/2018,08:00:00,COMPLETED,,,0,N.Y. POLICE DEPT,112,FELONY,INSIDE,THEFT-FRAUD,,PATROL BORO BKLYN NORTH,739,"FRAUD,UNCLASSIFIED-FELONY",RESIDENCE-HOUSE,03/06/2021,,UNKNOWN,UNKNOWN,U,,45-64,WHITE,F,1010516,181163,40.66389656000007,-73.905325609,"(40.66389656000007, -73.905325609)",POINT (-73.905325609 40.66389656000007),
34247,973253147,67,BROOKLYN,2018-11-22,16:00:00,02/10/2021,16:39:00,COMPLETED,,,0,N.Y. POLICE DEPT,361,MISDEMEANOR,INSIDE,OFF. AGNST PUB ORD SENSBLTY &,,PATROL BORO BKLYN SOUTH,639,AGGRAVATED HARASSMENT 2,PARKING LOT/GARAGE (PRIVATE),03/02/2021,,25-44,BLACK,M,,25-44,WHITE HISPANIC,M,999602,176145,40.65014890000003,-73.94467654599998,"(40.65014890000003, -73.94467654599998)",POINT (-73.94467654599998 40.65014890000003),
34254,498596615,6,MANHATTAN,2018-07-25,08:00:00,02/25/2021,16:30:00,COMPLETED,,,0,N.Y. POLICE DEPT,361,MISDEMEANOR,INSIDE,OFF. AGNST PUB ORD SENSBLTY &,,PATROL BORO MAN SOUTH,639,AGGRAVATED HARASSMENT 2,RESIDENCE - APT. HOUSE,02/26/2021,,25-44,WHITE,F,,45-64,WHITE,F,982755,206652,40.73389675800007,-74.005395837,"(40.73389675800007, -74.005395837)",POINT (-74.005395837 40.73389675800007),
34368,791157151,10,MANHATTAN,2018-07-27,09:00:00,02/27/2021,09:00:00,COMPLETED,,,0,N.Y. POLICE DEPT,340,MISDEMEANOR,INSIDE,FRAUDS,,PATROL BORO MAN SOUTH,718,"FRAUD,UNCLASSIFIED-MISDEMEANOR",RESIDENCE - APT. HOUSE,03/02/2021,,UNKNOWN,UNKNOWN,U,,25-44,ASIAN / PACIFIC ISLANDER,M,985148,216548,40.76105887700004,-73.99675988599995,"(40.76105887700004, -73.99675988599995)",POINT (-73.99675988599995 40.76105887700004),
34691,931664115,25,MANHATTAN,2018-05-20,12:00:00,02/24/2021,17:54:00,COMPLETED,,,0,N.Y. POLICE DEPT,578,VIOLATION,INSIDE,HARRASSMENT 2,,PATROL BORO MAN NORTH,638,"HARASSMENT,SUBD 3,4,5",RESIDENCE - APT. HOUSE,02/24/2021,,25-44,BLACK,M,,25-44,BLACK,M,1001993,234077,40.809153547000044,-73.93590721499999,"(40.809153547000044, -73.93590721499999)",POINT (-73.93590721499999 40.809153547000044),
34978,879924261,24,MANHATTAN,2018-01-01,00:01:00,12/31/2018,23:59:00,COMPLETED,,,0,N.Y. POLICE DEPT,233,MISDEMEANOR,FRONT OF,SEX CRIMES,,PATROL BORO MAN NORTH,175,"SEXUAL ABUSE 3,2",STREET,02/22/2021,,UNKNOWN,UNKNOWN,U,,<18,BLACK,F,993336,229488,40.796571143000044,-73.96718568699998,"(40.796571143000044, -73.96718568699998)",POINT (-73.96718568699998 40.796571143000044),
35665,496806556,111,QUEENS,2018-03-07,12:00:00,03/01/2021,13:00:00,COMPLETED,,,0,N.Y. POLICE DEPT,109,FELONY,INSIDE,GRAND LARCENY,,PATROL BORO QUEENS NORTH,432,"LARCENY,GRAND BY IDENTITY THEFT-UNCLASSIFIED",RESIDENCE - APT. HOUSE,03/01/2021,,,,,,45-64,ASIAN / PACIFIC ISLANDER,M,1043977,215142,40.756998087000056,-73.78441431199997,"(40.756998087000056, -73.78441431199997)",POINT (-73.78441431199997 40.756998087000056),
38082,500872011,81,BROOKLYN,2018-01-01,00:00:00,,,COMPLETED,,,0,N.Y. POLICE DEPT,233,MISDEMEANOR,INSIDE,SEX CRIMES,,PATROL BORO BKLYN NORTH,175,"SEXUAL ABUSE 3,2",RESIDENCE-HOUSE,02/26/2021,,25-44,BLACK,M,,<18,BLACK,F,1005218,190528,40.689615497000034,-73.92439311199998,"(40.689615497000034, -73.92439311199998)",POINT (-73.92439311199998 40.689615497000034),
40301,657964987,77,BROOKLYN,2018-09-17,16:00:00,02/26/2021,19:30:00,COMPLETED,,,0,N.Y. POLICE DEPT,361,MISDEMEANOR,INSIDE,OFF. AGNST PUB ORD SENSBLTY &,,PATROL BORO BKLYN NORTH,639,AGGRAVATED HARASSMENT 2,RESIDENCE - APT. HOUSE,02/27/2021,,UNKNOWN,UNKNOWN,U,,25-44,BLACK,F,1004254,184677,40.673558066000055,-73.92788655799995,"(40.673558066000055, -73.92788655799995)",POINT (-73.92788655799995 40.673558066000055),
43716,414708977,105,QUEENS,2018-09-30,12:00:00,01/14/2021,12:00:00,COMPLETED,,,0,N.Y. POLICE DEPT,109,FELONY,INSIDE,GRAND LARCENY,,PATROL BORO QUEENS SOUTH,402,"LARCENY,GRAND BY FALSE PROMISE-NOT IN PERSON CONTACT",RESIDENCE-HOUSE,02/27/2021,,,,,,45-64,ASIAN / PACIFIC ISLANDER,F,1055659,203651,40.725371653000025,-73.74236984699996,"(40.725371653000025, -73.74236984699996)",POINT (-73.74236984699996 40.725371653000025),
43831,938582792,60,BROOKLYN,2018-01-01,00:00:00,12/31/2018,23:59:00,COMPLETED,MARLBORO,252,2,N.Y. HOUSING POLICE,233,MISDEMEANOR,INSIDE,SEX CRIMES,,PATROL BORO BKLYN SOUTH,175,"SEXUAL ABUSE 3,2",RESIDENCE - PUBLIC HOUSING,02/25/2021,,,,,,<18,BLACK,F,990922,149184,40.576157300000034,-73.97598379999994,"(40.576157300000034, -73.97598379999994)",POINT (-73.97598379999994 40.576157300000034),
44045,634857390,70,BROOKLYN,2018-01-01,16:00:00,,,COMPLETED,,,0,N.Y. POLICE DEPT,233,MISDEMEANOR,INSIDE,SEX CRIMES,,PATROL BORO BKLYN SOUTH,175,"SEXUAL ABUSE 3,2",RESIDENCE - APT. HOUSE,02/23/2021,,UNKNOWN,UNKNOWN,U,,<18,BLACK,F,991547,168934,40.63036654500007,-73.97371261299998,"(40.63036654500007, -73.97371261299998)",POINT (-73.97371261299998 40.63036654500007),
46349,468627655,52,BRONX,2018-04-29,00:01:00,,,COMPLETED,,,1,N.Y. TRANSIT POLICE,121,FELONY,,CRIMINAL MISCHIEF & RELATED OF,,PATROL BORO BRONX,268,CRIMINAL MIS 2 & 3,TRANSIT - NYC SUBWAY,02/18/2021,KINGSBRIDGE ROAD,UNKNOWN,UNKNOWN,U,11,UNKNOWN,UNKNOWN,D,1013465,254827,40.86607576000005,-73.89437578699994,"(40.86607576000005, -73.89437578699994)",POINT (-73.89437578699994 40.86607576000005),
47251,181311375,47,BRONX,2018-10-20,00:01:00,10/20/2018,23:59:00,COMPLETED,,,0,N.Y. POLICE DEPT,112,FELONY,INSIDE,THEFT-FRAUD,,PATROL BORO BRONX,739,"FRAUD,UNCLASSIFIED-FELONY",RESIDENCE-HOUSE,02/17/2021,,,,,,45-64,BLACK,M,1025163,264344,40.89215047700003,-73.85202407999998,"(40.89215047700003, -73.85202407999998)",POINT (-73.85202407999998 40.89215047700003),
48384,229981914,24,MANHATTAN,2018-01-01,00:01:00,12/31/2018,23:59:00,COMPLETED,,,0,N.Y. POLICE DEPT,233,MISDEMEANOR,FRONT OF,SEX CRIMES,,PATROL BORO MAN NORTH,175,"SEXUAL ABUSE 3,2",STREET,02/16/2021,,UNKNOWN,UNKNOWN,U,,<18,BLACK,F,993336,229488,40.796571143000044,-73.96718568699998,"(40.796571143000044, -73.96718568699998)",POINT (-73.96718568699998 40.796571143000044),
48986,819544608,41,BRONX,2018-06-01,10:00:00,11/01/2020,09:00:00,COMPLETED,,,0,N.Y. POLICE DEPT,112,FELONY,INSIDE,THEFT-FRAUD,,PATROL BORO BRONX,739,"FRAUD,UNCLASSIFIED-FELONY",RESIDENCE - APT. HOUSE,02/16/2021,,,,,,45-64,WHITE HISPANIC,F,1013079,239844,40.824953118000046,-73.89583576699994,"(40.824953118000046, -73.89583576699994)",POINT (-73.89583576699994 40.824953118000046),
50253,427311455,71,BROOKLYN,2018-05-19,10:00:00,02/09/2021,11:00:00,COMPLETED,,,0,N.Y. POLICE DEPT,341,MISDEMEANOR,,PETIT LARCENY,,PATROL BORO BKLYN SOUTH,352,"LARCENY,PETIT FROM BUILDING,UNATTENDED, PACKAGE THEFT INSIDE",RESIDENCE - APT. HOUSE,02/09/2021,,,,,,65+,BLACK,F,996813,178270,40.65598595700004,-73.95472346799994,"(40.65598595700004, -73.95472346799994)",POINT (-73.95472346799994 40.65598595700004),
52420,757389051,113,QUEENS,2018-10-04,10:00:00,04/04/2019,12:05:00,COMPLETED,,,0,N.Y. POLICE DEPT,112,FELONY,INSIDE,THEFT-FRAUD,,PATROL BORO QUEENS SOUTH,739,"FRAUD,UNCLASSIFIED-FELONY",RESIDENCE-HOUSE,02/14/2021,,,,,,25-44,BLACK,F,1052393,196466,40.705676383000025,-73.75422568999993,"(40.705676383000025, -73.75422568999993)",POINT (-73.75422568999993 40.705676383000025),
53727,661373790,49,BRONX,2018-10-18,01:00:00,11/01/2019,10:00:00,COMPLETED,,,0,N.Y. POLICE DEPT,109,FELONY,FRONT OF,GRAND LARCENY,,PATROL BORO BRONX,422,"LARCENY,GRAND BY OPEN CREDIT CARD (NEW ACCT)",RESIDENCE - APT. HOUSE,02/09/2021,,,,,,25-44,ASIAN / PACIFIC ISLANDER,M,1027440,251415,40.85665355000003,-73.84387180799997,"(40.85665355000003, -73.84387180799997)",POINT (-73.84387180799997 40.85665355000003),
54292,717172486,52,BRONX,2018-06-25,00:00:00,02/10/2021,03:00:00,COMPLETED,,,0,N.Y. POLICE DEPT,116,FELONY,INSIDE,SEX CRIMES,,PATROL BORO BRONX,177,SEXUAL ABUSE,RESIDENCE - APT. HOUSE,02/10/2021,,25-44,WHITE HISPANIC,M,,<18,WHITE HISPANIC,F,1017542,255919,40.86905853200005,-73.87963014799993,"(40.86905853200005, -73.87963014799993)",POINT (-73.87963014799993 40.86905853200005),
54560,502263910,40,BRONX,2018-10-12,10:00:00,10/26/2020,10:00:00,COMPLETED,,,0,N.Y. POLICE DEPT,109,FELONY,INSIDE,GRAND LARCENY,,PATROL BORO BRONX,426,"LARCENY,GRAND BY BANK ACCT COMPROMISE-TELLER",RESIDENCE - APT. HOUSE,02/12/2021,,,,,,45-64,BLACK,M,1007345,236095,40.81468002500004,-73.91656689099993,"(40.81468002500004, -73.91656689099993)",POINT (-73.91656689099993 40.81468002500004),
54767,282813023,44,BRONX,2018-01-24,09:20:00,01/24/2018,10:30:00,COMPLETED,,,0,N.Y. POLICE DEPT,341,MISDEMEANOR,INSIDE,PETIT LARCENY,,PATROL BORO BRONX,338,"LARCENY,PETIT FROM BUILDING,UN",RESIDENCE - APT. HOUSE,02/11/2021,,UNKNOWN,UNKNOWN,U,,45-64,BLACK,F,1006537,244511,40.83778161800007,-73.91945797099999,"(40.83778161800007, -73.91945797099999)",POINT (-73.91945797099999 40.83778161800007),
55367,124948558,108,QUEENS,2018-10-01,00:01:00,10/29/2018,00:01:00,COMPLETED,,,0,N.Y. POLICE DEPT,112,FELONY,INSIDE,THEFT-FRAUD,,PATROL BORO QUEENS NORTH,739,"FRAUD,UNCLASSIFIED-FELONY",RESIDENCE - APT. HOUSE,02/19/2021,,,,,,45-64,ASIAN / PACIFIC ISLANDER,M,997257,211010,40.74584895000004,-73.95306003299999,"(40.74584895000004, -73.95306003299999)",POINT (-73.95306003299999 40.74584895000004),
55575,925077441,78,BROOKLYN,2018-07-26,00:00:00,02/09/2021,10:00:00,COMPLETED,,295,2,N.Y. HOUSING POLICE,109,FELONY,INSIDE,GRAND LARCENY,,PATROL BORO BKLYN SOUTH,434,"LARCENY,GRAND BY OPEN BANK ACCT",RESIDENCE - PUBLIC HOUSING,02/09/2021,,UNKNOWN,UNKNOWN,U,,65+,BLACK,M,988789,188205,40.68326306500006,-73.98363586399995,"(40.68326306500006, -73.98363586399995)",POINT (-73.98363586399995 40.68326306500006),
57496,906336934,62,BROOKLYN,2018-12-31,08:00:00,11/01/2020,15:00:00,COMPLETED,,,0,N.Y. POLICE DEPT,112,FELONY,INSIDE,THEFT-FRAUD,,PATROL BORO BKLYN SOUTH,739,"FRAUD,UNCLASSIFIED-FELONY",RESIDENCE - APT. HOUSE,02/04/2021,,UNKNOWN,UNKNOWN,U,,25-44,WHITE HISPANIC,F,984829,157991,40.60033325400008,-73.99791641999997,"(40.60033325400008, -73.99791641999997)",POINT (-73.99791641999997 40.60033325400008),
59011,659159092,46,BRONX,2018-04-01,09:00:00,03/31/2019,10:00:00,COMPLETED,,,0,N.Y. POLICE DEPT,109,FELONY,INSIDE,GRAND LARCENY,,PATROL BORO BRONX,422,"LARCENY,GRAND BY OPEN CREDIT CARD (NEW ACCT)",RESIDENCE - APT. HOUSE,02/04/2021,,UNKNOWN,UNKNOWN,U,,45-64,WHITE HISPANIC,F,1012088,251301,40.85640240700008,-73.89936891599997,"(40.85640240700008, -73.89936891599997)",POINT (-73.89936891599997 40.85640240700008),
59528,748382662,1,MANHATTAN,2018-05-19,09:00:00,01/28/2021,10:00:00,COMPLETED,,,0,N.Y. POLICE DEPT,340,MISDEMEANOR,INSIDE,FRAUDS,,PATROL BORO MAN SOUTH,770,COMPUTER UNAUTH. USE/TAMPER,RESIDENCE - APT. HOUSE,01/28/2021,,UNKNOWN,UNKNOWN,U,,45-64,WHITE HISPANIC,M,979318,196681,40.706527512000044,-74.01779021299996,"(40.706527512000044, -74.01779021299996)",POINT (-74.01779021299996 40.706527512000044),
59588,478686654,52,BRONX,2018-06-01,23:00:00,06/30/2020,23:59:00,COMPLETED,,,0,N.Y. POLICE DEPT,116,FELONY,INSIDE,SEX CRIMES,,PATROL BORO BRONX,177,SEXUAL ABUSE,RESIDENCE - APT. HOUSE,02/05/2021,,UNKNOWN,WHITE HISPANIC,M,,<18,WHITE HISPANIC,F,1017542,255919,40.86905853200005,-73.87963014799993,"(40.86905853200005, -73.87963014799993)",POINT (-73.87963014799993 40.86905853200005),
59597,195586221,115,QUEENS,2018-06-15,00:00:00,01/30/2021,00:00:00,COMPLETED,,,0,N.Y. POLICE DEPT,578,VIOLATION,INSIDE,HARRASSMENT 2,,PATROL BORO QUEENS NORTH,638,"HARASSMENT,SUBD 3,4,5",RESIDENCE - APT. HOUSE,01/31/2021,,65+,WHITE HISPANIC,F,,25-44,WHITE,M,1014509,214026,40.75408490400008,-73.89078516499995,"(40.75408490400008, -73.89078516499995)",POINT (-73.89078516499995 40.75408490400008),
60734,989588397,106,QUEENS,2018-01-20,12:00:00,01/20/2021,12:00:00,COMPLETED,,,0,N.Y. POLICE DEPT,109,FELONY,FRONT OF,GRAND LARCENY,,PATROL BORO QUEENS SOUTH,422,"LARCENY,GRAND BY OPEN CREDIT CARD (NEW ACCT)",RESIDENCE-HOUSE,02/03/2021,,UNKNOWN,UNKNOWN,U,,25-44,WHITE,M,1026304,186400,40.67821002300008,-73.84838516099995,"(40.67821002300008, -73.84838516099995)",POINT (-73.84838516099995 40.67821002300008),
60891,297606351,84,BROOKLYN,2018-12-05,16:00:00,06/25/2020,14:00:00,COMPLETED,,,0,N.Y. POLICE DEPT,109,FELONY,INSIDE,GRAND LARCENY,,PATROL BORO BKLYN NORTH,407,"LARCENY,GRAND BY DISHONEST EMP",COMMERCIAL BUILDING,01/28/2021,,UNKNOWN,BLACK,F,,UNKNOWN,UNKNOWN,D,988049,191254,40.69163222100008,-73.98630225099998,"(40.69163222100008, -73.98630225099998)",POINT (-73.98630225099998 40.69163222100008),
61722,610233923,115,QUEENS,2018-11-29,06:50:00,,,COMPLETED,,,0,N.Y. POLICE DEPT,113,FELONY,,FORGERY,,PATROL BORO QUEENS NORTH,723,"FORGERY,DRIVERS LICENSE",STREET,02/08/2021,,25-44,WHITE HISPANIC,M,,UNKNOWN,UNKNOWN,E,1016612,217769,40.764351026000035,-73.88317662699995,"(40.764351026000035, -73.88317662699995)",POINT (-73.88317662699995 40.764351026000035),
61738,331540073,70,BROOKLYN,2018-06-20,00:01:00,05/16/2019,00:00:00,COMPLETED,,,0,N.Y. POLICE DEPT,116,FELONY,INSIDE,SEX CRIMES,,PATROL BORO BKLYN SOUTH,177,SEXUAL ABUSE,RESIDENCE - APT. HOUSE,02/05/2021,,25-44,WHITE HISPANIC,M,,<18,WHITE HISPANIC,F,991547,168934,40.63036654500007,-73.97371261299998,"(40.63036654500007, -73.97371261299998)",POINT (-73.97371261299998 40.63036654500007),
64285,721662576,23,MANHATTAN,2018-01-01,00:00:00,12/31/2020,00:00:00,COMPLETED,,613,2,N.Y. HOUSING POLICE,116,FELONY,INSIDE,SEX CRIMES,,PATROL BORO MAN NORTH,177,SEXUAL ABUSE,RESIDENCE - PUBLIC HOUSING,01/29/2021,,18-24,WHITE HISPANIC,M,,<18,WHITE HISPANIC,F,998730,226827,40.78926022400003,-73.94771000099996,"(40.78926022400003, -73.94771000099996)",POINT (-73.94771000099996 40.78926022400003),
64780,251853399,9,MANHATTAN,2018-07-17,00:00:00,12/16/2020,00:00:00,COMPLETED,,,0,N.Y. POLICE DEPT,109,FELONY,INSIDE,GRAND LARCENY,,PATROL BORO MAN SOUTH,432,"LARCENY,GRAND BY IDENTITY THEFT-UNCLASSIFIED",RESIDENCE - APT. HOUSE,02/07/2021,,UNKNOWN,ASIAN / PACIFIC ISLANDER,F,,25-44,ASIAN / PACIFIC ISLANDER,F,990440,202897,40.72358816000008,-73.97766960299998,"(40.72358816000008, -73.97766960299998)",POINT (-73.97766960299998 40.72358816000008),
67173,410237791,63,BROOKLYN,2018-12-24,21:15:00,12/24/2018,21:35:00,ATTEMPTED,,,0,N.Y. POLICE DEPT,106,FELONY,INSIDE,FELONY ASSAULT,,PATROL BORO BKLYN SOUTH,109,"ASSAULT 2,1,UNCLASSIFIED",RESIDENCE-HOUSE,02/02/2021,,45-64,WHITE,M,,18-24,WHITE,M,1008753,159368,40.60407898600005,-73.91175947599999,"(40.60407898600005, -73.91175947599999)",POINT (-73.91175947599999 40.60407898600005),
67435,197955203,101,QUEENS,2018-10-26,00:00:00,01/18/2019,00:00:00,COMPLETED,,,0,N.Y. POLICE DEPT,340,MISDEMEANOR,,FRAUDS,,PATROL BORO QUEENS SOUTH,718,"FRAUD,UNCLASSIFIED-MISDEMEANOR",RESIDENCE - APT. HOUSE,01/23/2021,,,,,,25-44,BLACK,M,1052027,161256,40.60903583700008,-73.75589963899995,"(40.60903583700008, -73.75589963899995)",POINT (-73.75589963899995 40.60903583700008),
71052,358176370,75,BROOKLYN,2018-02-20,00:01:00,01/22/2021,00:01:00,COMPLETED,,,0,N.Y. POLICE DEPT,361,MISDEMEANOR,INSIDE,OFF. AGNST PUB ORD SENSBLTY &,,PATROL BORO BKLYN NORTH,639,AGGRAVATED HARASSMENT 2,RESIDENCE-HOUSE,01/23/2021,,45-64,BLACK,F,,45-64,BLACK,F,1017119,183909,40.67141166300007,-73.88151172399995,"(40.67141166300007, -73.88151172399995)",POINT (-73.88151172399995 40.67141166300007),
71097,970737256,71,BROOKLYN,2018-12-10,16:00:00,08/01/2020,23:59:00,COMPLETED,,,0,N.Y. POLICE DEPT,109,FELONY,INSIDE,GRAND LARCENY,,PATROL BORO BKLYN SOUTH,432,"LARCENY,GRAND BY IDENTITY THEFT-UNCLASSIFIED",RESIDENCE-HOUSE,01/22/2021,,UNKNOWN,UNKNOWN,U,,UNKNOWN,UNKNOWN,E,1003553,181953,40.666082852000045,-73.93042147799997,"(40.666082852000045, -73.93042147799997)",POINT (-73.93042147799997 40.666082852000045),
72561,995056901,10,MANHATTAN,2018-01-01,00:01:00,01/22/2021,21:00:00,COMPLETED,,,0,N.Y. POLICE DEPT,361,MISDEMEANOR,INSIDE,OFF. AGNST PUB ORD SENSBLTY &,,PATROL BORO MAN SOUTH,639,AGGRAVATED HARASSMENT 2,RESIDENCE - APT. HOUSE,01/22/2021,,UNKNOWN,BLACK HISPANIC,M,,25-44,WHITE,F,984340,216674,40.76140476000006,-73.99967656899997,"(40.76140476000006, -73.99967656899997)",POINT (-73.99967656899997 40.76140476000006),
73501,433102852,94,BROOKLYN,2018-06-01,11:00:00,01/16/2021,14:00:00,COMPLETED,,,0,N.Y. POLICE DEPT,361,MISDEMEANOR,INSIDE,OFF. AGNST PUB ORD SENSBLTY &,,PATROL BORO BKLYN NORTH,639,AGGRAVATED HARASSMENT 2,RESIDENCE - APT. HOUSE,01/23/2021,,45-64,WHITE,F,,25-44,ASIAN / PACIFIC ISLANDER,M,995970,207685,40.73672445200003,-73.95771052499998,"(40.73672445200003, -73.95771052499998)",POINT (-73.95771052499998 40.73672445200003),
75391,247718834,75,BROOKLYN,2018-08-01,00:01:00,09/30/2018,23:59:00,COMPLETED,,,0,N.Y. POLICE DEPT,104,FELONY,INSIDE,RAPE,,PATROL BORO BKLYN NORTH,157,RAPE 1,RESIDENCE - APT. HOUSE,01/26/2021,,UNKNOWN,WHITE,M,,<18,BLACK HISPANIC,F,1017141,183798,40.67110691100004,-73.88143295699997,"(40.67110691100004, -73.88143295699997)",POINT (-73.88143295699997 40.67110691100004),
76311,750278587,101,QUEENS,2018-08-07,09:00:00,12/18/2020,17:00:00,COMPLETED,,,0,N.Y. POLICE DEPT,112,FELONY,INSIDE,THEFT-FRAUD,,PATROL BORO QUEENS SOUTH,739,"FRAUD,UNCLASSIFIED-FELONY",RESIDENCE-HOUSE,01/21/2021,,UNKNOWN,UNKNOWN,U,,25-44,BLACK,M,1047825,156482,40.59596336300007,-73.77107818399996,"(40.59596336300007, -73.77107818399996)",POINT (-73.77107818399996 40.59596336300007),
77002,983073556,61,BROOKLYN,2018-05-13,00:00:00,01/21/2021,00:00:00,COMPLETED,,,0,N.Y. POLICE DEPT,109,FELONY,INSIDE,GRAND LARCENY,,PATROL BORO BKLYN SOUTH,412,"LARCENY,GRAND FROM RESIDENCE, UNATTENDED",RESIDENCE-HOUSE,01/21/2021,,,,,,45-64,WHITE,M,998249,161629,40.61030778600008,-73.94958253799997,"(40.61030778600008, -73.94958253799997)",POINT (-73.94958253799997 40.61030778600008),
78032,293082614,19,MANHATTAN,2018-10-30,19:00:00,,,COMPLETED,,,0,N.Y. POLICE DEPT,109,FELONY,INSIDE,GRAND LARCENY,,PATROL BORO MAN NORTH,424,"LARCENY,GRAND BY CREDIT CARD ACCT COMPROMISE-EXISTING ACCT",RESIDENCE - APT. HOUSE,01/19/2021,,UNKNOWN,UNKNOWN,U,,45-64,WHITE HISPANIC,F,996761,220366,40.77152949400005,-73.95483265599995,"(40.77152949400005, -73.95483265599995)",POINT (-73.95483265599995 40.77152949400005),
78464,804978697,105,QUEENS,2018-11-01,00:01:00,12/04/2020,23:59:00,COMPLETED,,,0,N.Y. POLICE DEPT,104,FELONY,INSIDE,RAPE,,PATROL BORO QUEENS SOUTH,155,RAPE 2,RESIDENCE - APT. HOUSE,01/26/2021,,25-44,UNKNOWN,M,,<18,WHITE HISPANIC,F,1057636,203954,40.72618713000002,-73.73523390399998,"(40.72618713000002, -73.73523390399998)",POINT (-73.73523390399998 40.72618713000002),
79656,585018787,73,BROOKLYN,2018-07-01,10:00:00,,,COMPLETED,,,0,N.Y. POLICE DEPT,361,MISDEMEANOR,INSIDE,OFF. AGNST PUB ORD SENSBLTY &,,PATROL BORO BKLYN NORTH,639,AGGRAVATED HARASSMENT 2,RESIDENCE - APT. HOUSE,01/08/2021,,25-44,BLACK,M,,25-44,BLACK,F,1006905,181616,40.66514992000003,-73.91833993399997,"(40.66514992000003, -73.91833993399997)",POINT (-73.91833993399997 40.66514992000003),
79894,172006427,40,BRONX,2018-01-22,15:00:00,06/30/2020,13:24:00,COMPLETED,,,0,N.Y. POLICE DEPT,109,FELONY,INSIDE,GRAND LARCENY,,PATROL BORO BRONX,407,"LARCENY,GRAND BY DISHONEST EMP",COMMERCIAL BUILDING,01/08/2021,,UNKNOWN,WHITE HISPANIC,M,,UNKNOWN,UNKNOWN,D,1007799,232227,40.80406224200004,-73.91494030999998,"(40.80406224200004, -73.91494030999998)",POINT (-73.91494030999998 40.80406224200004),
81908,710850203,105,QUEENS,2018-11-01,00:01:00,11/30/2019,23:59:00,COMPLETED,,,0,N.Y. POLICE DEPT,116,FELONY,INSIDE,SEX CRIMES,,PATROL BORO QUEENS SOUTH,180,COURSE OF SEXUAL CONDUCT AGAIN,RESIDENCE - APT. HOUSE,01/17/2021,,45-64,BLACK,M,,<18,BLACK,F,1057636,203954,40.72618713000002,-73.73523390399998,"(40.72618713000002, -73.73523390399998)",POINT (-73.73523390399998 40.72618713000002),
82644,103388746,81,BROOKLYN,2018-10-14,16:00:00,10/14/2018,16:30:00,COMPLETED,,,0,N.Y. POLICE DEPT,344,MISDEMEANOR,INSIDE,ASSAULT 3 & RELATED OFFENSES,,PATROL BORO BKLYN NORTH,101,ASSAULT 3,RESIDENCE-HOUSE,01/11/2021,,25-44,WHITE HISPANIC,M,,25-44,WHITE,F,1004100,189675,40.687276786000034,-73.92842700999995,"(40.687276786000034, -73.92842700999995)",POINT (-73.92842700999995 40.687276786000034),
84626,616363238,45,BRONX,2018-06-16,13:35:00,01/11/2021,17:30:00,COMPLETED,,,0,N.Y. POLICE DEPT,340,MISDEMEANOR,INSIDE,FRAUDS,,PATROL BORO BRONX,718,"FRAUD,UNCLASSIFIED-MISDEMEANOR",RESIDENCE - APT. HOUSE,01/11/2021,,,,,,25-44,WHITE HISPANIC,M,1036517,237598,40.818680904000075,-73.81116667899995,"(40.818680904000075, -73.81116667899995)",POINT (-73.81116667899995 40.818680904000075),
85728,268341170,70,BROOKLYN,2018-10-13,08:00:00,01/01/2020,08:00:00,COMPLETED,,,0,N.Y. POLICE DEPT,112,FELONY,INSIDE,THEFT-FRAUD,,PATROL BORO BKLYN SOUTH,739,"FRAUD,UNCLASSIFIED-FELONY",RESIDENCE - APT. HOUSE,01/17/2021,,UNKNOWN,BLACK,F,,65+,BLACK,M,994062,170587,40.63490125200008,-73.96464944699994,"(40.63490125200008, -73.96464944699994)",POINT (-73.96464944699994 40.63490125200008),
87857,564830333,41,BRONX,2018-07-01,00:01:00,08/31/2018,23:59:00,COMPLETED,,,0,N.Y. POLICE DEPT,233,MISDEMEANOR,INSIDE,SEX CRIMES,,PATROL BORO BRONX,170,"SEXUAL MISCONDUCT,INTERCOURSE",RESIDENCE-HOUSE,01/14/2021,,,,,,25-44,UNKNOWN,F,1013232,236725,40.816391847000034,-73.89529641399997,"(40.816391847000034, -73.89529641399997)",POINT (-73.89529641399997 40.816391847000034),
88071,177535599,71,BROOKLYN,2018-04-10,00:01:00,04/13/2020,00:01:00,COMPLETED,,,0,N.Y. POLICE DEPT,112,FELONY,INSIDE,THEFT-FRAUD,,PATROL BORO BKLYN SOUTH,739,"FRAUD,UNCLASSIFIED-FELONY",RESIDENCE - APT. HOUSE,01/15/2021,,,,,,65+,WHITE HISPANIC,F,995019,181349,40.664439497000046,-73.96118425799993,"(40.664439497000046, -73.96118425799993)",POINT (-73.96118425799993 40.664439497000046),
88964,834866930,70,BROOKLYN,2018-05-01,00:01:00,12/01/2019,23:00:00,COMPLETED,,,0,N.Y. POLICE DEPT,112,FELONY,INSIDE,THEFT-FRAUD,,PATROL BORO BKLYN SOUTH,739,"FRAUD,UNCLASSIFIED-FELONY",RESIDENCE - APT. HOUSE,01/12/2021,,UNKNOWN,UNKNOWN,U,,45-64,BLACK,M,994989,176665,40.65158298200004,-73.96129985199997,"(40.65158298200004, -73.96129985199997)",POINT (-73.96129985199997 40.65158298200004),
89320,723870164,114,QUEENS,2018-07-01,00:01:00,,,COMPLETED,,,0,N.Y. POLICE DEPT,233,MISDEMEANOR,INSIDE,SEX CRIMES,,PATROL BORO QUEENS NORTH,170,"SEXUAL MISCONDUCT,INTERCOURSE",RESIDENCE - APT. HOUSE,01/11/2021,,<18,UNKNOWN,M,,<18,UNKNOWN,F,1007654,219564,40.76930608700008,-73.91550817999997,"(40.76930608700008, -73.91550817999997)",POINT (-73.91550817999997 40.76930608700008),
89764,465661103,90,BROOKLYN,2018-05-05,06:00:00,12/03/2020,18:00:00,COMPLETED,,,0,N.Y. POLICE DEPT,109,FELONY,INSIDE,GRAND LARCENY,,PATROL BORO BKLYN NORTH,430,"LARCENY,GRAND BY BANK ACCT COMPROMISE-UNCLASSIFIED",RESIDENCE - APT. HOUSE,01/06/2021,,UNKNOWN,UNKNOWN,U,,65+,WHITE,F,994115,196514,40.706065014000046,-73.96442055199999,"(40.706065014000046, -73.96442055199999)",POINT (-73.96442055199999 40.706065014000046),
90084,780332630,70,BROOKLYN,2018-05-25,15:00:00,12/01/2020,10:00:00,COMPLETED,,,0,N.Y. POLICE DEPT,112,FELONY,INSIDE,THEFT-FRAUD,,PATROL BORO BKLYN SOUTH,739,"FRAUD,UNCLASSIFIED-FELONY",RESIDENCE-HOUSE,01/03/2021,,,,,,45-64,WHITE,M,996066,163157,40.61450501100006,-73.95744217199997,"(40.61450501100006, -73.95744217199997)",POINT (-73.95744217199997 40.61450501100006),
92076,441737935,101,QUEENS,2018-02-24,00:01:00,,,COMPLETED,,,0,N.Y. POLICE DEPT,104,FELONY,INSIDE,RAPE,,PATROL BORO QUEENS SOUTH,157,RAPE 1,RESIDENCE-HOUSE,01/02/2021,,25-44,UNKNOWN,M,,18-24,UNKNOWN,F,1053678,159044,40.60295159100008,-73.74997626099997,"(40.60295159100008, -73.74997626099997)",POINT (-73.74997626099997 40.60295159100008),
92803,990807591,75,BROOKLYN,2018-02-27,15:00:00,08/31/2018,23:59:00,COMPLETED,,,0,N.Y. POLICE DEPT,116,FELONY,INSIDE,SEX CRIMES,,PATROL BORO BKLYN NORTH,177,SEXUAL ABUSE,RESIDENCE - APT. HOUSE,01/05/2021,,65+,BLACK,M,,<18,UNKNOWN,F,1017141,183798,40.67110691100004,-73.88143295699997,"(40.67110691100004, -73.88143295699997)",POINT (-73.88143295699997 40.67110691100004),
93344,120643630,23,MANHATTAN,2018-08-25,13:50:00,08/25/2018,14:00:00,COMPLETED,,676,2,N.Y. HOUSING POLICE,104,FELONY,,RAPE,,PATROL BORO MAN NORTH,153,RAPE 3,RESIDENCE - PUBLIC HOUSING,01/01/2021,,<18,BLACK HISPANIC,M,,<18,UNKNOWN,F,998730,226827,40.78926022400003,-73.94771000099996,"(40.78926022400003, -73.94771000099996)",POINT (-73.94771000099996 40.78926022400003),
93372,377192450,19,MANHATTAN,2018-03-15,12:00:00,12/31/2020,17:00:00,COMPLETED,,,0,N.Y. POLICE DEPT,109,FELONY,INSIDE,GRAND LARCENY,,PATROL BORO MAN NORTH,438,"LARCENY,GRAND FROM BUILDING (NON-RESIDENCE) UNATTENDED",COMMERCIAL BUILDING,01/06/2021,,,,,,45-64,WHITE,F,995476,216536,40.761018860000036,-73.95947832099995,"(40.761018860000036, -73.95947832099995)",POINT (-73.95947832099995 40.761018860000036),
94526,367773434,122,STATEN ISLAND,2018-05-02,12:00:00,,,COMPLETED,,,0,N.Y. POLICE DEPT,340,MISDEMEANOR,INSIDE,FRAUDS,,PATROL BORO STATEN ISLAND,718,"FRAUD,UNCLASSIFIED-MISDEMEANOR",RESIDENCE-HOUSE,01/07/2021,,,,,,45-64,WHITE,M,948667,143881,40.56153270700002,-74.12806390999998,"(40.56153270700002, -74.12806390999998)",POINT (-74.12806390999998 40.56153270700002),
94793,781735804,120,STATEN ISLAND,2018-12-24,23:00:00,12/25/2018,02:30:00,COMPLETED,,,0,N.Y. POLICE DEPT,233,MISDEMEANOR,INSIDE,SEX CRIMES,,PATROL BORO STATEN ISLAND,175,"SEXUAL ABUSE 3,2",RESIDENCE-HOUSE,01/06/2021,,25-44,UNKNOWN,M,,<18,WHITE HISPANIC,F,962748,174174,40.64472613100002,-74.07748315899995,"(40.64472613100002, -74.07748315899995)",POINT (-74.07748315899995 40.64472613100002),
97571,791610429,32,MANHATTAN,2018-05-17,00:00:00,05/17/2019,00:00:00,COMPLETED,,,0,N.Y. POLICE DEPT,116,FELONY,INSIDE,SEX CRIMES,,PATROL BORO MAN NORTH,168,SODOMY 1,RESIDENCE - APT. HOUSE,06/25/2021,,<18,BLACK,M,,<18,BLACK,F,999358,236472,40.81573205300003,-73.94542041099999,"(40.81573205300003, -73.94542041099999)",POINT (-73.94542041099999 40.81573205300003),
99996,597388374,43,BRONX,2018-01-01,00:00:00,12/31/2020,23:59:00,COMPLETED,,,0,N.Y. POLICE DEPT,233,MISDEMEANOR,INSIDE,SEX CRIMES,,PATROL BORO BRONX,175,"SEXUAL ABUSE 3,2",RESIDENCE - APT. HOUSE,06/29/2021,,UNKNOWN,UNKNOWN,M,,25-44,BLACK,F,1020316,239179,40.82310129900002,-73.86969046099993,"(40.82310129900002, -73.86969046099993)",POINT (-73.86969046099993 40.82310129900002),
101290,753226001,83,BROOKLYN,2018-06-25,00:00:00,,,COMPLETED,,,0,N.Y. POLICE DEPT,233,MISDEMEANOR,INSIDE,SEX CRIMES,,PATROL BORO BKLYN NORTH,175,"SEXUAL ABUSE 3,2",RESIDENCE - APT. HOUSE,06/25/2021,,,,,,<18,WHITE HISPANIC,F,1006965,193571,40.697963515000026,-73.91808336199995,"(40.697963515000026, -73.91808336199995)",POINT (-73.91808336199995 40.697963515000026),
102372,680611306,20,MANHATTAN,2018-01-22,00:01:00,02/15/2021,23:59:00,COMPLETED,,,0,N.Y. POLICE DEPT,109,FELONY,INSIDE,GRAND LARCENY,,PATROL BORO MAN NORTH,426,"LARCENY,GRAND BY BANK ACCT COMPROMISE-TELLER",CHAIN STORE,06/23/2021,,,,,,UNKNOWN,UNKNOWN,D,991239,224523,40.78294545700004,-73.97476455299993,"(40.78294545700004, -73.97476455299993)",POINT (-73.97476455299993 40.78294545700004),
104306,525996144,113,QUEENS,2018-07-01,09:00:00,06/30/2021,08:00:00,COMPLETED,,,0,N.Y. POLICE DEPT,578,VIOLATION,INSIDE,HARRASSMENT 2,,PATROL BORO QUEENS SOUTH,638,"HARASSMENT,SUBD 3,4,5",RESIDENCE-HOUSE,06/30/2021,,25-44,BLACK,F,,18-24,BLACK,F,1046397,184268,40.67223992300006,-73.77596426999997,"(40.67223992300006, -73.77596426999997)",POINT (-73.77596426999997 40.67223992300006),
104329,851618774,24,MANHATTAN,2018-07-01,20:00:00,06/17/2021,13:43:00,COMPLETED,,,0,N.Y. POLICE DEPT,578,VIOLATION,INSIDE,HARRASSMENT 2,,PATROL BORO MAN NORTH,638,"HARASSMENT,SUBD 3,4,5",RESIDENCE - APT. HOUSE,06/25/2021,,65+,BLACK,M,,65+,BLACK,F,992410,226636,40.78874407400008,-73.97053356999999,"(40.78874407400008, -73.97053356999999)",POINT (-73.97053356999999 40.78874407400008),
104888,909882195,114,QUEENS,2018-05-01,00:00:00,06/01/2021,23:59:00,COMPLETED,,,0,N.Y. POLICE DEPT,112,FELONY,INSIDE,THEFT-FRAUD,,PATROL BORO QUEENS NORTH,739,"FRAUD,UNCLASSIFIED-FELONY",RESIDENCE-HOUSE,06/26/2021,,UNKNOWN,UNKNOWN,U,,45-64,WHITE HISPANIC,M,1008483,224358,40.78246212000005,-73.91249803299998,"(40.78246212000005, -73.91249803299998)",POINT (-73.91249803299998 40.78246212000005),
109410,602768129,78,BROOKLYN,2018-05-05,20:28:00,06/12/2021,21:30:00,COMPLETED,,,0,N.Y. POLICE DEPT,578,VIOLATION,FRONT OF,HARRASSMENT 2,,PATROL BORO BKLYN SOUTH,637,"HARASSMENT,SUBD 1,CIVILIAN",RESIDENCE - APT. HOUSE,06/14/2021,,UNKNOWN,WHITE,M,,45-64,WHITE,F,989096,184724,40.673708343000044,-73.98253146299999,"(40.673708343000044, -73.98253146299999)",POINT (-73.98253146299999 40.673708343000044),
110011,593420639,75,BROOKLYN,2018-06-15,00:00:00,06/15/2021,18:45:00,COMPLETED,,,0,N.Y. POLICE DEPT,116,FELONY,INSIDE,SEX CRIMES,,PATROL BORO BKLYN NORTH,177,SEXUAL ABUSE,RESIDENCE - APT. HOUSE,06/15/2021,,UNKNOWN,UNKNOWN,U,,<18,WHITE HISPANIC,F,1017141,183798,40.67110691100004,-73.88143295699997,"(40.67110691100004, -73.88143295699997)",POINT (-73.88143295699997 40.67110691100004),
111143,423732852,115,QUEENS,2018-09-15,10:00:00,10/02/2018,17:50:00,COMPLETED,,,0,N.Y. POLICE DEPT,233,MISDEMEANOR,INSIDE,SEX CRIMES,,PATROL BORO QUEENS NORTH,175,"SEXUAL ABUSE 3,2",CHURCH,06/15/2021,,45-64,WHITE HISPANIC,M,,25-44,WHITE HISPANIC,F,1018699,215043,40.75686097700003,-73.87565666399996,"(40.75686097700003, -73.87565666399996)",POINT (-73.87565666399996 40.75686097700003),
112076,340965348,71,BROOKLYN,2018-09-10,12:00:00,06/14/2021,14:00:00,COMPLETED,,,0,N.Y. POLICE DEPT,578,VIOLATION,INSIDE,HARRASSMENT 2,,PATROL BORO BKLYN SOUTH,638,"HARASSMENT,SUBD 3,4,5",RESIDENCE - APT. HOUSE,06/14/2021,,UNKNOWN,BLACK,M,,25-44,UNKNOWN,F,999956,181228,40.66409999900003,-73.94338897799997,"(40.66409999900003, -73.94338897799997)",POINT (-73.94338897799997 40.66409999900003),
112351,438337217,110,QUEENS,2018-09-01,00:00:00,05/31/2020,23:59:00,COMPLETED,,,0,N.Y. POLICE DEPT,104,FELONY,INSIDE,RAPE,,PATROL BORO QUEENS NORTH,155,RAPE 2,RESIDENCE-HOUSE,06/15/2021,,18-24,WHITE HISPANIC,M,,<18,WHITE HISPANIC,F,1020255,210816,40.74525274100006,-73.87006286999997,"(40.74525274100006, -73.87006286999997)",POINT (-73.87006286999997 40.74525274100006),
114147,838299561,47,BRONX,2018-11-21,00:01:00,06/05/2019,23:54:00,COMPLETED,,,0,N.Y. POLICE DEPT,109,FELONY,INSIDE,GRAND LARCENY,,PATROL BORO BRONX,420,"LARCENY,GRAND BY OPEN/COMPROMISE CELL PHONE ACCT",RESIDENCE-HOUSE,06/15/2021,,UNKNOWN,UNKNOWN,U,,65+,BLACK,M,1027596,264661,40.89300892400007,-73.84322217899995,"(40.89300892400007, -73.84322217899995)",POINT (-73.84322217899995 40.89300892400007),
115567,780900458,70,BROOKLYN,2018-06-10,16:00:00,06/10/2021,16:30:00,COMPLETED,,,0,N.Y. POLICE DEPT,578,VIOLATION,FRONT OF,HARRASSMENT 2,,PATROL BORO BKLYN SOUTH,638,"HARASSMENT,SUBD 3,4,5",RESIDENCE - APT. HOUSE,06/18/2021,,25-44,BLACK,F,,25-44,BLACK,F,996189,172233,40.63941656100008,-73.95698309299998,"(40.63941656100008, -73.95698309299998)",POINT (-73.95698309299998 40.63941656100008),
119332,567233872,41,BRONX,2018-12-10,08:00:00,12/10/2018,23:00:00,COMPLETED,,,0,N.Y. POLICE DEPT,233,MISDEMEANOR,INSIDE,SEX CRIMES,,PATROL BORO BRONX,175,"SEXUAL ABUSE 3,2",RESIDENCE - APT. HOUSE,06/15/2021,,UNKNOWN,UNKNOWN,U,,18-24,UNKNOWN,F,1013232,236725,40.816391847000034,-73.89529641399997,"(40.816391847000034, -73.89529641399997)",POINT (-73.89529641399997 40.816391847000034),
119359,507019138,50,BRONX,2018-01-01,12:00:00,06/17/2021,12:00:00,COMPLETED,,,0,N.Y. POLICE DEPT,578,VIOLATION,INSIDE,HARRASSMENT 2,,PATROL BORO BRONX,638,"HARASSMENT,SUBD 3,4,5",RESIDENCE - APT. HOUSE,06/17/2021,,UNKNOWN,WHITE HISPANIC,F,,45-64,WHITE HISPANIC,F,1011366,258934,40.877354909000076,-73.90194801099993,"(40.877354909000076, -73.90194801099993)",POINT (-73.90194801099993 40.877354909000076),
119825,190266380,103,QUEENS,2018-10-31,00:01:00,06/01/2021,18:22:00,COMPLETED,,,0,N.Y. POLICE DEPT,125,FELONY,INSIDE,NYS LAWS-UNCLASSIFIED FELONY,,PATROL BORO QUEENS SOUTH,847,"NY STATE LAWS,UNCLASSIFIED FEL",OTHER,06/04/2021,,25-44,BLACK,M,,UNKNOWN,UNKNOWN,E,1052143,197040,40.70725379300006,-73.75512158799995,"(40.70725379300006, -73.75512158799995)",POINT (-73.75512158799995 40.70725379300006),
121633,681886209,115,QUEENS,2018-01-01,20:00:00,01/01/2018,21:00:00,COMPLETED,,,0,N.Y. POLICE DEPT,233,MISDEMEANOR,INSIDE,SEX CRIMES,,PATROL BORO QUEENS NORTH,170,"SEXUAL MISCONDUCT,INTERCOURSE",RESIDENCE-HOUSE,06/08/2021,,,,,,<18,WHITE HISPANIC,F,1018699,215043,40.75686097700003,-73.87565666399996,"(40.75686097700003, -73.87565666399996)",POINT (-73.87565666399996 40.75686097700003),
123125,847892472,19,MANHATTAN,2018-11-30,12:00:00,05/20/2021,12:00:00,COMPLETED,,,0,N.Y. POLICE DEPT,109,FELONY,INSIDE,GRAND LARCENY,,PATROL BORO MAN NORTH,424,"LARCENY,GRAND BY CREDIT CARD ACCT COMPROMISE-EXISTING ACCT",RESIDENCE - APT. HOUSE,06/04/2021,,UNKNOWN,UNKNOWN,U,,45-64,WHITE,M,998720,222392,40.77708734400005,-73.947755665,"(40.77708734400005, -73.947755665)",POINT (-73.947755665 40.77708734400005),
123410,819658326,43,BRONX,2018-06-01,00:01:00,,,COMPLETED,,,0,N.Y. POLICE DEPT,233,MISDEMEANOR,INSIDE,SEX CRIMES,,PATROL BORO BRONX,175,"SEXUAL ABUSE 3,2",RESIDENCE - APT. HOUSE,06/07/2021,,25-44,WHITE HISPANIC,M,,<18,WHITE HISPANIC,F,1020316,239179,40.82310129900002,-73.86969046099993,"(40.82310129900002, -73.86969046099993)",POINT (-73.86969046099993 40.82310129900002),
123869,225119475,43,BRONX,2018-06-01,00:01:00,,,COMPLETED,,,0,N.Y. POLICE DEPT,233,MISDEMEANOR,INSIDE,SEX CRIMES,,PATROL BORO BRONX,175,"SEXUAL ABUSE 3,2",RESIDENCE - APT. HOUSE,06/07/2021,,25-44,WHITE HISPANIC,M,,<18,WHITE HISPANIC,F,1020316,239179,40.82310129900002,-73.86969046099993,"(40.82310129900002, -73.86969046099993)",POINT (-73.86969046099993 40.82310129900002),
125017,492649740,90,BROOKLYN,2018-06-01,12:00:00,08/01/2018,12:00:00,COMPLETED,,,0,N.Y. POLICE DEPT,104,FELONY,,RAPE,,PATROL BORO BKLYN NORTH,157,RAPE 1,RESIDENCE - APT. HOUSE,06/10/2021,,18-24,WHITE,M,,18-24,WHITE,F,997843,196573,40.70622201300005,-73.95097435599996,"(40.70622201300005, -73.95097435599996)",POINT (-73.95097435599996 40.70622201300005),
125680,766049941,43,BRONX,2018-06-01,00:01:00,,,COMPLETED,,,0,N.Y. POLICE DEPT,233,MISDEMEANOR,INSIDE,SEX CRIMES,,PATROL BORO BRONX,175,"SEXUAL ABUSE 3,2",RESIDENCE - APT. HOUSE,06/07/2021,,25-44,WHITE HISPANIC,M,,<18,WHITE HISPANIC,F,1020316,239179,40.82310129900002,-73.86969046099993,"(40.82310129900002, -73.86969046099993)",POINT (-73.86969046099993 40.82310129900002),
126164,388552814,114,QUEENS,2018-05-04,00:00:00,02/01/2020,12:00:00,COMPLETED,,,0,N.Y. POLICE DEPT,341,MISDEMEANOR,,PETIT LARCENY,,PATROL BORO QUEENS NORTH,349,"LARCENY,PETIT OF LICENSE PLATE",STREET,06/11/2021,,UNKNOWN,UNKNOWN,U,,45-64,WHITE,F,1007917,225482,40.78554873300004,-73.91453785299996,"(40.78554873300004, -73.91453785299996)",POINT (-73.91453785299996 40.78554873300004),
126525,568157774,43,BRONX,2018-06-01,00:01:00,,,COMPLETED,,,0,N.Y. POLICE DEPT,233,MISDEMEANOR,INSIDE,SEX CRIMES,,PATROL BORO BRONX,175,"SEXUAL ABUSE 3,2",RESIDENCE - APT. HOUSE,06/07/2021,,25-44,WHITE HISPANIC,M,,<18,WHITE HISPANIC,F,1020316,239179,40.82310129900002,-73.86969046099993,"(40.82310129900002, -73.86969046099993)",POINT (-73.86969046099993 40.82310129900002),
132543,985790331,13,MANHATTAN,2018-09-01,00:00:00,06/03/2021,00:00:00,COMPLETED,,44306,2,N.Y. HOUSING POLICE,126,FELONY,INSIDE,MISCELLANEOUS PENAL LAW,,PATROL BORO MAN SOUTH,198,CRIMINAL CONTEMPT 1,RESIDENCE - PUBLIC HOUSING,06/03/2021,,25-44,BLACK,M,,25-44,BLACK,M,989738,209197,40.74088057900008,-73.98019709199998,"(40.74088057900008, -73.98019709199998)",POINT (-73.98019709199998 40.74088057900008),
134810,367856218,105,QUEENS,2018-03-25,13:00:00,03/26/2018,17:00:00,COMPLETED,,,0,N.Y. POLICE DEPT,109,FELONY,INSIDE,GRAND LARCENY,,PATROL BORO QUEENS SOUTH,422,"LARCENY,GRAND BY OPEN CREDIT CARD (NEW ACCT)",RESTAURANT/DINER,05/28/2021,,UNKNOWN,UNKNOWN,F,,65+,BLACK,F,1057606,200907,40.717824138000026,-73.73537534899998,"(40.717824138000026, -73.73537534899998)",POINT (-73.73537534899998 40.717824138000026),
135712,929712477,13,MANHATTAN,2018-08-07,00:00:00,08/28/2018,00:00:00,COMPLETED,,,0,N.Y. POLICE DEPT,233,MISDEMEANOR,INSIDE,SEX CRIMES,,PATROL BORO MAN SOUTH,175,"SEXUAL ABUSE 3,2",OTHER,05/29/2021,,UNKNOWN,UNKNOWN,M,,25-44,BLACK,F,988874,207673,40.736698070000045,-73.98331602599995,"(40.736698070000045, -73.98331602599995)",POINT (-73.98331602599995 40.736698070000045),
136274,602334788,47,BRONX,2018-09-20,00:01:00,08/18/2019,23:59:00,COMPLETED,,,0,N.Y. POLICE DEPT,112,FELONY,INSIDE,THEFT-FRAUD,,PATROL BORO BRONX,739,"FRAUD,UNCLASSIFIED-FELONY",RESIDENCE - APT. HOUSE,05/27/2021,,,,,,25-44,ASIAN / PACIFIC ISLANDER,F,1021249,257381,40.87305651100007,-73.86621898199996,"(40.87305651100007, -73.86621898199996)",POINT (-73.86621898199996 40.87305651100007),
137438,484634263,46,BRONX,2018-03-01,00:01:00,05/25/2021,11:11:00,COMPLETED,,36430,2,N.Y. HOUSING POLICE,109,FELONY,INSIDE,GRAND LARCENY,,PATROL BORO BRONX,432,"LARCENY,GRAND BY IDENTITY THEFT-UNCLASSIFIED",RESIDENCE - PUBLIC HOUSING,05/28/2021,,UNKNOWN,UNKNOWN,U,,25-44,BLACK,M,1013072,251276,40.85633063300003,-73.89581193099998,"(40.85633063300003, -73.89581193099998)",POINT (-73.89581193099998 40.85633063300003),
138857,213218293,114,QUEENS,2018-07-17,12:00:00,12/15/2020,12:00:00,COMPLETED,,,0,N.Y. POLICE DEPT,109,FELONY,INSIDE,GRAND LARCENY,,PATROL BORO QUEENS NORTH,434,"LARCENY,GRAND BY OPEN BANK ACCT",RESIDENCE - APT. HOUSE,05/26/2021,,65+,WHITE,M,,25-44,UNKNOWN,M,1000741,213250,40.751991376000035,-73.94048101399994,"(40.751991376000035, -73.94048101399994)",POINT (-73.94048101399994 40.751991376000035),
138937,639325380,66,BROOKLYN,2018-05-20,18:00:00,05/20/2021,00:01:00,COMPLETED,,,0,N.Y. POLICE DEPT,116,FELONY,INSIDE,SEX CRIMES,,PATROL BORO BKLYN SOUTH,596,OBSCENE MATERIAL - UNDER 17 YE,RESIDENCE - APT. HOUSE,05/27/2021,,25-44,AMERICAN INDIAN/ALASKAN NATIVE,M,,25-44,ASIAN / PACIFIC ISLANDER,F,986633,167258,40.62576896100006,-73.99141682199996,"(40.62576896100006, -73.99141682199996)",POINT (-73.99141682199996 40.62576896100006),
139503,209551425,75,BROOKLYN,2018-09-21,12:00:00,05/31/2021,12:12:00,COMPLETED,,,0,N.Y. POLICE DEPT,109,FELONY,INSIDE,GRAND LARCENY,,PATROL BORO BKLYN NORTH,430,"LARCENY,GRAND BY BANK ACCT COMPROMISE-UNCLASSIFIED",RESIDENCE-HOUSE,05/31/2021,,,,,,25-44,BLACK,F,1017229,176556,40.65122890600002,-73.88115114699998,"(40.65122890600002, -73.88115114699998)",POINT (-73.88115114699998 40.65122890600002),
142328,583178666,75,BROOKLYN,2018-06-19,22:00:00,06/20/2018,09:00:00,COMPLETED,,,0,N.Y. POLICE DEPT,341,MISDEMEANOR,,PETIT LARCENY,,PATROL BORO BKLYN NORTH,349,"LARCENY,PETIT OF LICENSE PLATE",STREET,05/21/2021,,,,,,25-44,BLACK,F,1012540,183012,40.66896541500005,-73.89802234599993,"(40.66896541500005, -73.89802234599993)",POINT (-73.89802234599993 40.66896541500005),
143906,160672720,42,BRONX,2018-09-24,16:00:00,03/13/2019,18:00:00,COMPLETED,,,0,N.Y. POLICE DEPT,109,FELONY,INSIDE,GRAND LARCENY,,PATROL BORO BRONX,407,"LARCENY,GRAND BY DISHONEST EMP",PUBLIC SCHOOL,05/19/2021,,25-44,WHITE HISPANIC,M,,UNKNOWN,UNKNOWN,E,1010710,243025,40.833691463000044,-73.904382947,"(40.833691463000044, -73.904382947)",POINT (-73.904382947 40.833691463000044),
144733,260312850,40,BRONX,2018-05-18,01:30:00,05/18/2021,01:40:00,COMPLETED,,,0,N.Y. POLICE DEPT,105,FELONY,FRONT OF,ROBBERY,,PATROL BORO BRONX,397,"ROBBERY,OPEN AREA UNCLASSIFIED",STREET,05/18/2021,,UNKNOWN,BLACK HISPANIC,M,,18-24,WHITE HISPANIC,M,1007671,237786,40.81932048600004,-73.915383261,"(40.81932048600004, -73.915383261)",POINT (-73.915383261 40.81932048600004),
150566,738368813,83,BROOKLYN,2018-12-01,00:01:00,03/29/2021,16:00:00,COMPLETED,,,0,N.Y. POLICE DEPT,109,FELONY,INSIDE,GRAND LARCENY,,PATROL BORO BKLYN NORTH,422,"LARCENY,GRAND BY OPEN CREDIT CARD (NEW ACCT)",RESIDENCE-HOUSE,05/18/2021,,45-64,BLACK,F,,25-44,BLACK HISPANIC,F,1006156,192184,40.69415856200004,-73.92100540299998,"(40.69415856200004, -73.92100540299998)",POINT (-73.92100540299998 40.69415856200004),
150639,293149074,75,BROOKLYN,2018-11-19,23:00:00,11/20/2018,10:00:00,COMPLETED,,,0,N.Y. POLICE DEPT,341,MISDEMEANOR,,PETIT LARCENY,,PATROL BORO BKLYN NORTH,349,"LARCENY,PETIT OF LICENSE PLATE",STREET,05/21/2021,,,,,,25-44,BLACK,F,1022522,182041,40.66626271800004,-73.862045041,"(40.66626271800004, -73.862045041)",POINT (-73.862045041 40.66626271800004),
152382,503248170,73,BROOKLYN,2018-08-01,08:00:00,01/15/2021,08:00:00,COMPLETED,,,0,N.Y. POLICE DEPT,109,FELONY,,GRAND LARCENY,,PATROL BORO BKLYN NORTH,402,"LARCENY,GRAND BY FALSE PROMISE-NOT IN PERSON CONTACT",COMMERCIAL BUILDING,05/23/2021,,45-64,BLACK,M,,UNKNOWN,UNKNOWN,D,1006527,180807,40.66293035300004,-73.91970513199995,"(40.66293035300004, -73.91970513199995)",POINT (-73.91970513199995 40.66293035300004),
154358,668716181,110,QUEENS,2018-09-02,12:00:00,10/02/2018,10:00:00,COMPLETED,,,0,N.Y. POLICE DEPT,112,FELONY,INSIDE,THEFT-FRAUD,,PATROL BORO QUEENS NORTH,739,"FRAUD,UNCLASSIFIED-FELONY",RESIDENCE - APT. HOUSE,05/14/2021,,UNKNOWN,UNKNOWN,U,,45-64,ASIAN / PACIFIC ISLANDER,M,1015139,211201,40.746328818000045,-73.88852423299994,"(40.746328818000045, -73.88852423299994)",POINT (-73.88852423299994 40.746328818000045),
154687,842983282,105,QUEENS,2018-12-27,11:00:00,12/27/2018,11:15:00,COMPLETED,,,0,N.Y. POLICE DEPT,106,FELONY,INSIDE,FELONY ASSAULT,,PATROL BORO QUEENS SOUTH,109,"ASSAULT 2,1,UNCLASSIFIED",RESIDENCE-HOUSE,05/08/2021,,45-64,ASIAN / PACIFIC ISLANDER,M,,45-64,BLACK,F,1056440,192260,40.69409985300007,-73.73967427999997,"(40.69409985300007, -73.73967427999997)",POINT (-73.73967427999997 40.69409985300007),
155345,862895694,79,BROOKLYN,2018-01-01,09:00:00,01/31/2018,09:00:00,COMPLETED,,,0,N.Y. POLICE DEPT,233,MISDEMEANOR,INSIDE,SEX CRIMES,,PATROL BORO BKLYN NORTH,175,"SEXUAL ABUSE 3,2",RESIDENCE-HOUSE,05/10/2021,,25-44,WHITE,U,,<18,WHITE,F,999634,190253,40.688872153000034,-73.94452903199993,"(40.688872153000034, -73.94452903199993)",POINT (-73.94452903199993 40.688872153000034),
157361,715911220,102,QUEENS,2018-11-01,00:01:00,05/04/2021,23:59:00,COMPLETED,,,0,N.Y. POLICE DEPT,112,FELONY,INSIDE,THEFT-FRAUD,,PATROL BORO QUEENS SOUTH,739,"FRAUD,UNCLASSIFIED-FELONY",RESIDENCE-HOUSE,05/14/2021,,UNKNOWN,UNKNOWN,U,,45-64,WHITE HISPANIC,M,1033415,196084,40.704753682000046,-73.82267743299997,"(40.704753682000046, -73.82267743299997)",POINT (-73.82267743299997 40.704753682000046),
158107,865981895,1,MANHATTAN,2018-11-13,00:00:00,04/10/2021,15:00:00,COMPLETED,,,0,N.Y. POLICE DEPT,112,FELONY,INSIDE,THEFT-FRAUD,,PATROL BORO MAN SOUTH,739,"FRAUD,UNCLASSIFIED-FELONY",RESIDENCE - APT. HOUSE,05/08/2021,,UNKNOWN,UNKNOWN,U,,25-44,WHITE,F,983666,203596,40.72550889100006,-74.00210842199994,"(40.72550889100006, -74.00210842199994)",POINT (-74.00210842199994 40.72550889100006),
158908,998139361,84,BROOKLYN,2018-05-20,00:00:00,06/03/2018,23:59:00,COMPLETED,,463,2,N.Y. HOUSING POLICE,116,FELONY,INSIDE,SEX CRIMES,,PATROL BORO BKLYN NORTH,168,SODOMY 1,RESIDENCE - PUBLIC HOUSING,05/12/2021,,18-24,BLACK HISPANIC,M,,<18,WHITE HISPANIC,F,989013,192652,40.69546894100006,-73.98282507899995,"(40.69546894100006, -73.98282507899995)",POINT (-73.98282507899995 40.69546894100006),
162679,857535222,67,BROOKLYN,2018-01-24,00:01:00,,,COMPLETED,,,0,N.Y. POLICE DEPT,340,MISDEMEANOR,INSIDE,FRAUDS,,PATROL BORO BKLYN SOUTH,718,"FRAUD,UNCLASSIFIED-MISDEMEANOR",RESIDENCE - APT. HOUSE,05/14/2021,,,,,,45-64,BLACK,F,996876,177505,40.65388611000003,-73.95449784399995,"(40.65388611000003, -73.95449784399995)",POINT (-73.95449784399995 40.65388611000003),
165912,120125328,81,BROOKLYN,2018-05-15,00:01:00,04/28/2021,18:00:00,COMPLETED,,502,2,N.Y. HOUSING POLICE,126,FELONY,INSIDE,MISCELLANEOUS PENAL LAW,,PATROL BORO BKLYN NORTH,293,"CONSPIRACY 2, 1",RESIDENCE - PUBLIC HOUSING,05/04/2021,,,,,,UNKNOWN,UNKNOWN,E,1001974,191809,40.69313863700007,-73.93608724999996,"(40.69313863700007, -73.93608724999996)",POINT (-73.93608724999996 40.69313863700007),
167959,191494371,105,QUEENS,2018-02-12,12:00:00,01/02/2021,20:00:00,COMPLETED,,,0,N.Y. POLICE DEPT,340,MISDEMEANOR,INSIDE,FRAUDS,,PATROL BORO QUEENS SOUTH,718,"FRAUD,UNCLASSIFIED-MISDEMEANOR",RESIDENCE-HOUSE,05/07/2021,,UNKNOWN,UNKNOWN,U,,45-64,BLACK,M,1053876,181365,40.66421620500005,-73.74903292999993,"(40.66421620500005, -73.74903292999993)",POINT (-73.74903292999993 40.66421620500005),
168137,455331203,70,BROOKLYN,2018-02-05,06:00:00,04/29/2021,19:30:00,COMPLETED,,,0,N.Y. POLICE DEPT,578,VIOLATION,INSIDE,HARRASSMENT 2,,PATROL BORO BKLYN SOUTH,638,"HARASSMENT,SUBD 3,4,5",RESIDENCE - APT. HOUSE,04/29/2021,,25-44,WHITE,M,,45-64,WHITE,M,992113,169534,40.63201293400005,-73.97167279299998,"(40.63201293400005, -73.97167279299998)",POINT (-73.97167279299998 40.63201293400005),
168393,775340302,105,QUEENS,2018-10-01,08:00:00,10/31/2018,23:59:00,COMPLETED,,,0,N.Y. POLICE DEPT,116,FELONY,INSIDE,SEX CRIMES,,PATROL BORO QUEENS SOUTH,177,SEXUAL ABUSE,RESIDENCE-HOUSE,05/04/2021,,65+,BLACK,M,,<18,BLACK,F,1057636,203954,40.72618713000002,-73.73523390399998,"(40.72618713000002, -73.73523390399998)",POINT (-73.73523390399998 40.72618713000002),
168975,628746904,62,BROOKLYN,2018-07-02,12:00:00,04/13/2021,12:00:00,COMPLETED,,,0,N.Y. POLICE DEPT,109,FELONY,INSIDE,GRAND LARCENY,,PATROL BORO BKLYN SOUTH,422,"LARCENY,GRAND BY OPEN CREDIT CARD (NEW ACCT)",RESIDENCE - APT. HOUSE,05/04/2021,,UNKNOWN,UNKNOWN,U,,45-64,WHITE HISPANIC,M,987155,157127,40.59796129200004,-73.98954070499997,"(40.59796129200004, -73.98954070499997)",POINT (-73.98954070499997 40.59796129200004),
169199,669744578,18,MANHATTAN,2018-03-02,12:05:00,03/03/2021,15:11:00,COMPLETED,,,0,N.Y. POLICE DEPT,109,FELONY,INSIDE,GRAND LARCENY,,PATROL BORO MAN SOUTH,407,"LARCENY,GRAND BY DISHONEST EMP",COMMERCIAL BUILDING,05/06/2021,,25-44,UNKNOWN,F,,UNKNOWN,UNKNOWN,D,991802,215693,40.758708942000055,-73.97274151199997,"(40.758708942000055, -73.97274151199997)",POINT (-73.97274151199997 40.758708942000055),
170302,947904940,71,BROOKLYN,2018-01-01,01:00:00,01/01/2018,02:00:00,COMPLETED,,,0,N.Y. POLICE DEPT,233,MISDEMEANOR,INSIDE,SEX CRIMES,,PATROL BORO BKLYN SOUTH,175,"SEXUAL ABUSE 3,2",RESIDENCE-HOUSE,05/07/2021,,UNKNOWN,UNKNOWN,U,,<18,BLACK,F,998749,181383,40.66452749800004,-73.94773929099993,"(40.66452749800004, -73.94773929099993)",POINT (-73.94773929099993 40.66452749800004),
170440,318847435,122,STATEN ISLAND,2018-04-29,14:15:00,09/29/2020,14:15:00,COMPLETED,,,0,N.Y. POLICE DEPT,233,MISDEMEANOR,INSIDE,SEX CRIMES,,PATROL BORO STATEN ISLAND,175,"SEXUAL ABUSE 3,2",RESIDENCE-HOUSE,04/29/2021,,<18,UNKNOWN,M,,<18,WHITE HISPANIC,F,954943,148360,40.573849649000074,-74.10549615599997,"(40.573849649000074, -74.10549615599997)",POINT (-74.10549615599997 40.573849649000074),
171240,964083905,67,BROOKLYN,2018-07-04,00:30:00,07/04/2018,04:00:00,COMPLETED,,,0,N.Y. POLICE DEPT,104,FELONY,INSIDE,RAPE,,PATROL BORO BKLYN SOUTH,157,RAPE 1,RESIDENCE-HOUSE,05/03/2021,,25-44,BLACK,M,,25-44,BLACK,F,998032,175598,40.648650085000035,-73.95033556299995,"(40.648650085000035, -73.95033556299995)",POINT (-73.95033556299995 40.648650085000035),
174242,759136218,23,MANHATTAN,2018-04-26,17:13:00,07/14/2020,20:15:00,COMPLETED,,676,2,N.Y. HOUSING POLICE,117,FELONY,INSIDE,DANGEROUS DRUGS,,PATROL BORO MAN NORTH,521,"CONTROLLED SUBSTANCE, SALE 5",RESIDENCE - PUBLIC HOUSING,05/03/2021,,25-44,WHITE HISPANIC,M,,UNKNOWN,UNKNOWN,E,1000866,226632,40.788721243000055,-73.93999677399995,"(40.788721243000055, -73.93999677399995)",POINT (-73.93999677399995 40.788721243000055),
175681,815841988,83,BROOKLYN,2018-12-01,08:00:00,04/30/2021,12:00:00,COMPLETED,,,0,N.Y. POLICE DEPT,109,FELONY,INSIDE,GRAND LARCENY,,PATROL BORO BKLYN NORTH,422,"LARCENY,GRAND BY OPEN CREDIT CARD (NEW ACCT)",RESIDENCE - APT. HOUSE,04/30/2021,,,,,,65+,WHITE HISPANIC,M,1009950,192049,40.69377781500003,-73.90732424299993,"(40.69377781500003, -73.90732424299993)",POINT (-73.90732424299993 40.69377781500003),
177077,902677846,50,BRONX,2018-12-01,23:00:00,12/31/2018,23:00:00,COMPLETED,,,0,N.Y. POLICE DEPT,116,FELONY,INSIDE,SEX CRIMES,,PATROL BORO BRONX,168,SODOMY 1,RESIDENCE-HOUSE,04/27/2021,,45-64,BLACK,M,,<18,BLACK,F,1011257,261130,40.883382579000056,-73.90233330899997,"(40.883382579000056, -73.90233330899997)",POINT (-73.90233330899997 40.883382579000056),
177823,458463464,48,BRONX,2018-11-18,08:00:00,11/18/2018,08:00:00,COMPLETED,,,0,N.Y. POLICE DEPT,109,FELONY,INSIDE,GRAND LARCENY,,PATROL BORO BRONX,420,"LARCENY,GRAND BY OPEN/COMPROMISE CELL PHONE ACCT",RESIDENCE-HOUSE,04/27/2021,,,,,,65+,BLACK,F,1012924,250164,40.85327900700002,-73.89635169699994,"(40.85327900700002, -73.89635169699994)",POINT (-73.89635169699994 40.85327900700002),
177902,243335630,19,MANHATTAN,2018-09-26,00:00:00,,,COMPLETED,,,0,N.Y. POLICE DEPT,233,MISDEMEANOR,INSIDE,SEX CRIMES,,PATROL BORO MAN NORTH,175,"SEXUAL ABUSE 3,2",RESIDENCE - APT. HOUSE,04/23/2021,,25-44,UNKNOWN,M,,25-44,UNKNOWN,F,994276,218779,40.76717676000004,-73.96380668299997,"(40.76717676000004, -73.96380668299997)",POINT (-73.96380668299997 40.76717676000004),
181726,559677821,61,BROOKLYN,2018-05-28,14:00:00,05/28/2018,14:10:00,COMPLETED,,,0,N.Y. POLICE DEPT,344,MISDEMEANOR,INSIDE,ASSAULT 3 & RELATED OFFENSES,,PATROL BORO BKLYN SOUTH,101,ASSAULT 3,RESIDENCE - APT. HOUSE,04/27/2021,,65+,WHITE HISPANIC,M,,45-64,WHITE HISPANIC,F,1000080,160148,40.606239663000046,-73.94299146599997,"(40.606239663000046, -73.94299146599997)",POINT (-73.94299146599997 40.606239663000046),
184493,762711707,10,MANHATTAN,2018-03-16,09:35:00,,,COMPLETED,,,0,N.Y. POLICE DEPT,112,FELONY,INSIDE,THEFT-FRAUD,,PATROL BORO MAN SOUTH,739,"FRAUD,UNCLASSIFIED-FELONY",PUBLIC BUILDING,04/19/2021,,25-44,WHITE HISPANIC,M,,UNKNOWN,UNKNOWN,E,983249,215660,40.758621533000046,-74.00361468599993,"(40.758621533000046, -74.00361468599993)",POINT (-74.00361468599993 40.758621533000046),
184678,328408036,102,QUEENS,2018-04-01,17:00:00,03/21/2021,17:00:00,COMPLETED,,,0,N.Y. POLICE DEPT,578,VIOLATION,INSIDE,HARRASSMENT 2,,PATROL BORO QUEENS SOUTH,638,"HARASSMENT,SUBD 3,4,5",RESIDENCE-HOUSE,04/23/2021,,UNKNOWN,WHITE HISPANIC,M,,25-44,WHITE HISPANIC,F,1024246,191984,40.69354634500007,-73.85577165899997,"(40.69354634500007, -73.85577165899997)",POINT (-73.85577165899997 40.69354634500007),
185463,108253508,13,MANHATTAN,2018-08-01,09:00:00,04/27/2021,22:00:00,COMPLETED,,,0,N.Y. POLICE DEPT,341,MISDEMEANOR,INSIDE,PETIT LARCENY,,PATROL BORO MAN SOUTH,338,"LARCENY,PETIT FROM BUILDING,UN",DOCTOR/DENTIST OFFICE,04/27/2021,,UNKNOWN,UNKNOWN,U,,UNKNOWN,UNKNOWN,D,987947,208833,40.739882419000025,-73.98666041099993,"(40.739882419000025, -73.98666041099993)",POINT (-73.98666041099993 40.739882419000025),
185822,618762258,104,QUEENS,2018-07-31,07:00:00,01/11/2020,07:00:00,COMPLETED,,,0,N.Y. POLICE DEPT,340,MISDEMEANOR,INSIDE,FRAUDS,,PATROL BORO QUEENS NORTH,718,"FRAUD,UNCLASSIFIED-MISDEMEANOR",RESIDENCE - APT. HOUSE,04/23/2021,,UNKNOWN,UNKNOWN,M,,45-64,UNKNOWN,M,1014378,206231,40.732690035000076,-73.891292907,"(40.732690035000076, -73.891292907)",POINT (-73.891292907 40.732690035000076),
185976,958262883,72,BROOKLYN,2018-09-04,00:01:00,11/30/2019,23:59:00,COMPLETED,,,0,N.Y. POLICE DEPT,116,FELONY,INSIDE,SEX CRIMES,,PATROL BORO BKLYN SOUTH,168,SODOMY 1,RESIDENCE - APT. HOUSE,04/26/2021,,25-44,WHITE HISPANIC,M,,<18,UNKNOWN,F,983964,179071,40.65819343200008,-74.00103224299994,"(40.65819343200008, -74.00103224299994)",POINT (-74.00103224299994 40.65819343200008),
187073,987748526,111,QUEENS,2018-11-07,12:00:00,03/17/2021,12:00:00,COMPLETED,,,0,N.Y. POLICE DEPT,340,MISDEMEANOR,INSIDE,FRAUDS,,PATROL BORO QUEENS NORTH,718,"FRAUD,UNCLASSIFIED-MISDEMEANOR",RESIDENCE-HOUSE,04/24/2021,,,,,,25-44,ASIAN / PACIFIC ISLANDER,M,1043780,217534,40.76356482400007,-73.78510420799995,"(40.76356482400007, -73.78510420799995)",POINT (-73.78510420799995 40.76356482400007),
187351,940659146,102,QUEENS,2018-07-06,17:00:00,07/16/2018,17:10:00,COMPLETED,,,0,N.Y. POLICE DEPT,344,MISDEMEANOR,INSIDE,ASSAULT 3 & RELATED OFFENSES,,PATROL BORO QUEENS SOUTH,101,ASSAULT 3,RESIDENCE - APT. HOUSE,04/16/2021,,25-44,WHITE,M,,25-44,WHITE,F,1030941,195748,40.70384484200008,-73.83160274599999,"(40.70384484200008, -73.83160274599999)",POINT (-73.83160274599999 40.70384484200008),
187375,246449017,44,BRONX,2018-09-24,23:00:00,02/28/2021,10:00:00,COMPLETED,,,0,N.Y. POLICE DEPT,109,FELONY,INSIDE,GRAND LARCENY,,PATROL BORO BRONX,432,"LARCENY,GRAND BY IDENTITY THEFT-UNCLASSIFIED",RESIDENCE - APT. HOUSE,04/09/2021,,,,,,25-44,WHITE HISPANIC,M,1006990,243663,40.83545295000005,-73.91782373999997,"(40.83545295000005, -73.91782373999997)",POINT (-73.91782373999997 40.83545295000005),
188745,214524610,122,STATEN ISLAND,2018-08-01,07:00:00,03/28/2021,07:00:00,COMPLETED,,,0,N.Y. POLICE DEPT,112,FELONY,INSIDE,THEFT-FRAUD,,PATROL BORO STATEN ISLAND,739,"FRAUD,UNCLASSIFIED-FELONY",RESIDENCE-HOUSE,04/09/2021,,,,,,45-64,WHITE,F,958298,157545,40.59907109200003,-74.09345463899997,"(40.59907109200003, -74.09345463899997)",POINT (-74.09345463899997 40.59907109200003),
190041,929091299,123,STATEN ISLAND,2018-07-01,09:00:00,04/07/2021,18:00:00,COMPLETED,,,0,N.Y. POLICE DEPT,361,MISDEMEANOR,INSIDE,OFF. AGNST PUB ORD SENSBLTY &,,PATROL BORO STATEN ISLAND,639,AGGRAVATED HARASSMENT 2,RESIDENCE-HOUSE,04/14/2021,,,,,,25-44,UNKNOWN,F,925769,137998,40.54526358800007,-74.21042221599998,"(40.54526358800007, -74.21042221599998)",POINT (-74.21042221599998 40.54526358800007),
190047,630133299,73,BROOKLYN,2018-02-06,06:00:00,02/06/2018,07:00:00,COMPLETED,,,0,N.Y. POLICE DEPT,233,MISDEMEANOR,INSIDE,SEX CRIMES,,PATROL BORO BKLYN NORTH,175,"SEXUAL ABUSE 3,2",RESIDENCE-HOUSE,04/14/2021,,UNKNOWN,UNKNOWN,M,,45-64,BLACK,F,1008276,183623,40.670655072000045,-73.91339091999998,"(40.670655072000045, -73.91339091999998)",POINT (-73.91339091999998 40.670655072000045),
190320,525768134,123,STATEN ISLAND,2018-07-01,17:00:00,07/01/2018,18:00:00,COMPLETED,,,0,N.Y. POLICE DEPT,344,MISDEMEANOR,INSIDE,ASSAULT 3 & RELATED OFFENSES,,PATROL BORO STATEN ISLAND,101,ASSAULT 3,RESIDENCE-HOUSE,04/07/2021,,25-44,UNKNOWN,M,,25-44,UNKNOWN,F,916754,124405,40.50788943400005,-74.24272345499998,"(40.50788943400005, -74.24272345499998)",POINT (-74.24272345499998 40.50788943400005),
190667,234160409,110,QUEENS,2018-01-01,00:00:00,12/31/2018,23:59:00,COMPLETED,,,0,N.Y. POLICE DEPT,233,MISDEMEANOR,INSIDE,SEX CRIMES,,PATROL BORO QUEENS NORTH,175,"SEXUAL ABUSE 3,2",RESIDENCE-HOUSE,04/16/2021,,25-44,WHITE HISPANIC,M,,<18,WHITE HISPANIC,F,1020255,210816,40.74525274100006,-73.87006286999997,"(40.74525274100006, -73.87006286999997)",POINT (-73.87006286999997 40.74525274100006),
192536,896741519,45,BRONX,2018-07-15,12:00:00,,,COMPLETED,,,0,N.Y. POLICE DEPT,233,MISDEMEANOR,INSIDE,SEX CRIMES,,PATROL BORO BRONX,175,"SEXUAL ABUSE 3,2",RESIDENCE - APT. HOUSE,04/13/2021,,25-44,UNKNOWN,M,,18-24,BLACK,F,1032047,242037,40.83088999300003,-73.82728461999993,"(40.83088999300003, -73.82728461999993)",POINT (-73.82728461999993 40.83088999300003),
192612,706578236,105,QUEENS,2018-09-01,12:00:00,04/01/2021,12:00:00,COMPLETED,,,0,N.Y. POLICE DEPT,112,FELONY,INSIDE,THEFT-FRAUD,,PATROL BORO QUEENS SOUTH,739,"FRAUD,UNCLASSIFIED-FELONY",RESIDENCE-HOUSE,04/08/2021,,UNKNOWN,UNKNOWN,U,,45-64,BLACK,F,1055962,191046,40.69077160300003,-73.74141092699995,"(40.69077160300003, -73.74141092699995)",POINT (-73.74141092699995 40.69077160300003),
192657,764497160,14,MANHATTAN,2018-05-16,12:00:00,06/18/2018,12:00:00,COMPLETED,,,1,N.Y. TRANSIT POLICE,341,MISDEMEANOR,,PETIT LARCENY,,PATROL BORO MAN SOUTH,339,"LARCENY,PETIT FROM OPEN AREAS,",TRANSIT - NYC SUBWAY,04/07/2021,42 ST.-PORT AUTHORITY BUS TERM,45-64,BLACK,M,1,45-64,BLACK,F,987078,215157,40.757240531000036,-73.98979363699993,"(40.757240531000036, -73.98979363699993)",POINT (-73.98979363699993 40.757240531000036),
193393,828796150,44,BRONX,2018-03-09,08:00:00,04/14/2021,17:43:00,COMPLETED,,,0,N.Y. POLICE DEPT,109,FELONY,INSIDE,GRAND LARCENY,,PATROL BORO BRONX,422,"LARCENY,GRAND BY OPEN CREDIT CARD (NEW ACCT)",RESIDENCE - APT. HOUSE,04/14/2021,,,,,,45-64,BLACK,M,1004530,242729,40.83289538100007,-73.92671649599998,"(40.83289538100007, -73.92671649599998)",POINT (-73.92671649599998 40.83289538100007),
198709,652886526,48,,2018-03-05,01:32:00,,,COMPLETED,,,,N.Y. POLICE DEPT,101,FELONY,INSIDE,MURDER & NON-NEGL. MANSLAUGHTER,,,,,,04/01/2021,,25-44,WHITE HISPANIC,M,,25-44,UNKNOWN,M,1014890,250841,40.85513056600007,-73.88924198299998,"(40.85513056600007, -73.88924198299998)",POINT (-73.88924198299998 40.85513056600007),
202786,517284350,46,BRONX,2018-09-01,16:00:00,09/01/2018,18:00:00,COMPLETED,,,0,N.Y. POLICE DEPT,116,FELONY,INSIDE,SEX CRIMES,,PATROL BORO BRONX,177,SEXUAL ABUSE,RESIDENCE - APT. HOUSE,04/06/2021,,25-44,BLACK HISPANIC,M,,<18,WHITE HISPANIC,F,1011881,250411,40.85396027400003,-73.90012087499997,"(40.85396027400003, -73.90012087499997)",POINT (-73.90012087499997 40.85396027400003),
203282,611920402,48,,2018-03-05,01:32:00,,,COMPLETED,,,,N.Y. POLICE DEPT,101,FELONY,INSIDE,MURDER & NON-NEGL. MANSLAUGHTER,,,,,,04/01/2021,,25-44,WHITE HISPANIC,M,,<18,WHITE HISPANIC,M,1014890,250841,40.85513056600007,-73.88924198299998,"(40.85513056600007, -73.88924198299998)",POINT (-73.88924198299998 40.85513056600007),
204618,129489951,46,BRONX,2018-09-01,20:00:00,03/01/2021,23:00:00,COMPLETED,,,0,N.Y. POLICE DEPT,104,FELONY,INSIDE,RAPE,,PATROL BORO BRONX,157,RAPE 1,RESIDENCE - APT. HOUSE,04/06/2021,,<18,BLACK HISPANIC,M,,<18,WHITE HISPANIC,F,1011881,250411,40.85396027400003,-73.90012087499997,"(40.85396027400003, -73.90012087499997)",POINT (-73.90012087499997 40.85396027400003),
